{
"meta":{"test_sets":[],"test_metrics":[],"learn_metrics":[{"best_value":"Min","name":"Logloss"}],"launch_mode":"Train","parameters":"","iteration_count":1000,"learn_sets":["learn"],"name":"experiment"},
"iterations":[
{"learn":[0.6883108939],"iteration":0,"passed_time":0.03064224007,"remaining_time":30.61159783},
{"learn":[0.6824267385],"iteration":1,"passed_time":0.03954731808,"remaining_time":19.73411172},
{"learn":[0.6774121715],"iteration":2,"passed_time":0.04944408955,"remaining_time":16.4319191},
{"learn":[0.6721426566],"iteration":3,"passed_time":0.05872778411,"remaining_time":14.62321824},
{"learn":[0.667332295],"iteration":4,"passed_time":0.07182888232,"remaining_time":14.29394758},
{"learn":[0.66273547],"iteration":5,"passed_time":0.0807569344,"remaining_time":13.37873213},
{"learn":[0.6578437396],"iteration":6,"passed_time":0.08994335501,"remaining_time":12.75910736},
{"learn":[0.6535771841],"iteration":7,"passed_time":0.09861375519,"remaining_time":12.22810564},
{"learn":[0.6490507026],"iteration":8,"passed_time":0.1085915949,"remaining_time":11.95714117},
{"learn":[0.644586435],"iteration":9,"passed_time":0.1176697528,"remaining_time":11.64930553},
{"learn":[0.6403533225],"iteration":10,"passed_time":0.1310395862,"remaining_time":11.78165007},
{"learn":[0.6374056568],"iteration":11,"passed_time":0.1399592145,"remaining_time":11.52330866},
{"learn":[0.6333379083],"iteration":12,"passed_time":0.1489485629,"remaining_time":11.3086332},
{"learn":[0.6296705189],"iteration":13,"passed_time":0.1576796912,"remaining_time":11.1051554},
{"learn":[0.6260724333],"iteration":14,"passed_time":0.1693010869,"remaining_time":11.11743804},
{"learn":[0.6226032582],"iteration":15,"passed_time":0.1827620102,"remaining_time":11.23986363},
{"learn":[0.6188371104],"iteration":16,"passed_time":0.1923636092,"remaining_time":11.12314281},
{"learn":[0.6153371869],"iteration":17,"passed_time":0.2022026288,"remaining_time":11.03127675},
{"learn":[0.6117609914],"iteration":18,"passed_time":0.210899798,"remaining_time":10.88908957},
{"learn":[0.6080187892],"iteration":19,"passed_time":0.2215732852,"remaining_time":10.85709097},
{"learn":[0.6042967327],"iteration":20,"passed_time":0.2321669048,"remaining_time":10.82339999},
{"learn":[0.600513186],"iteration":21,"passed_time":0.2409383739,"remaining_time":10.71080589},
{"learn":[0.5972081202],"iteration":22,"passed_time":0.2498827697,"remaining_time":10.61458548},
{"learn":[0.5939607244],"iteration":23,"passed_time":0.2587382814,"remaining_time":10.52202344},
{"learn":[0.590284944],"iteration":24,"passed_time":0.2676645863,"remaining_time":10.43891887},
{"learn":[0.5870860388],"iteration":25,"passed_time":0.2771279854,"remaining_time":10.38164068},
{"learn":[0.5834638868],"iteration":26,"passed_time":0.2859299193,"remaining_time":10.30406709},
{"learn":[0.581009407],"iteration":27,"passed_time":0.2948041959,"remaining_time":10.23391709},
{"learn":[0.578919252],"iteration":28,"passed_time":0.3085391186,"remaining_time":10.33074083},
{"learn":[0.5761022467],"iteration":29,"passed_time":0.3174838236,"remaining_time":10.2653103},
{"learn":[0.5731214407],"iteration":30,"passed_time":0.3264025074,"remaining_time":10.20271063},
{"learn":[0.5702452572],"iteration":31,"passed_time":0.335496732,"remaining_time":10.14877614},
{"learn":[0.5677361712],"iteration":32,"passed_time":0.3499964986,"remaining_time":10.255958},
{"learn":[0.5648694713],"iteration":33,"passed_time":0.3651274774,"remaining_time":10.37391598},
{"learn":[0.562794748],"iteration":34,"passed_time":0.375936176,"remaining_time":10.36509742},
{"learn":[0.5595396927],"iteration":35,"passed_time":0.3864089038,"remaining_time":10.34717176},
{"learn":[0.5564637623],"iteration":36,"passed_time":0.3955642158,"remaining_time":10.29536053},
{"learn":[0.5537264784],"iteration":37,"passed_time":0.4044467659,"remaining_time":10.23888918},
{"learn":[0.5507642587],"iteration":38,"passed_time":0.4134587944,"remaining_time":10.18804875},
{"learn":[0.5487192941],"iteration":39,"passed_time":0.4229432673,"remaining_time":10.15063841},
{"learn":[0.5462566698],"iteration":40,"passed_time":0.4319988718,"remaining_time":10.10455898},
{"learn":[0.5434372397],"iteration":41,"passed_time":0.4409275743,"remaining_time":10.057348},
{"learn":[0.540902257],"iteration":42,"passed_time":0.4520715762,"remaining_time":10.06122089},
{"learn":[0.5380390712],"iteration":43,"passed_time":0.4613717696,"remaining_time":10.02435027},
{"learn":[0.5358810043],"iteration":44,"passed_time":0.4702124871,"remaining_time":9.978953893},
{"learn":[0.5331827073],"iteration":45,"passed_time":0.4828399648,"remaining_time":10.01368101},
{"learn":[0.5306708975],"iteration":46,"passed_time":0.4951743264,"remaining_time":10.04044964},
{"learn":[0.5284085689],"iteration":47,"passed_time":0.5039824803,"remaining_time":9.995652525},
{"learn":[0.52618394],"iteration":48,"passed_time":0.5163837777,"remaining_time":10.02206067},
{"learn":[0.5240694436],"iteration":49,"passed_time":0.5420796019,"remaining_time":10.29951244},
{"learn":[0.5217596551],"iteration":50,"passed_time":0.5619689212,"remaining_time":10.45702953},
{"learn":[0.5198045167],"iteration":51,"passed_time":0.5797514015,"remaining_time":10.56931401},
{"learn":[0.5170633184],"iteration":52,"passed_time":0.5987455232,"remaining_time":10.69833982},
{"learn":[0.5151724658],"iteration":53,"passed_time":0.6118135831,"remaining_time":10.71806759},
{"learn":[0.512751438],"iteration":54,"passed_time":0.6245579261,"remaining_time":10.73104073},
{"learn":[0.5106734373],"iteration":55,"passed_time":0.6382478669,"remaining_time":10.75903547},
{"learn":[0.5084599879],"iteration":56,"passed_time":0.6493060431,"remaining_time":10.74202805},
{"learn":[0.506879183],"iteration":57,"passed_time":0.6591898555,"remaining_time":10.70615248},
{"learn":[0.5049166123],"iteration":58,"passed_time":0.6689644834,"remaining_time":10.66941659},
{"learn":[0.5027810799],"iteration":59,"passed_time":0.6794788245,"remaining_time":10.64516825},
{"learn":[0.5009417286],"iteration":60,"passed_time":0.6921331299,"remaining_time":10.65431162},
{"learn":[0.4991811577],"iteration":61,"passed_time":0.7085220736,"remaining_time":10.71925331},
{"learn":[0.4972526293],"iteration":62,"passed_time":0.7214382589,"remaining_time":10.72996268},
{"learn":[0.4945122639],"iteration":63,"passed_time":0.7321388054,"remaining_time":10.70753003},
{"learn":[0.4925090474],"iteration":64,"passed_time":0.74280104,"remaining_time":10.68490727},
{"learn":[0.4903843485],"iteration":65,"passed_time":0.7533174421,"remaining_time":10.6605832},
{"learn":[0.4885466776],"iteration":66,"passed_time":0.7655369778,"remaining_time":10.66038806},
{"learn":[0.4872184724],"iteration":67,"passed_time":0.7802712917,"remaining_time":10.69430653},
{"learn":[0.4858774468],"iteration":68,"passed_time":0.7895620051,"remaining_time":10.65336561},
{"learn":[0.4846766032],"iteration":69,"passed_time":0.7983579988,"remaining_time":10.60675627},
{"learn":[0.4829272105],"iteration":70,"passed_time":0.8073758843,"remaining_time":10.56411544},
{"learn":[0.4807949279],"iteration":71,"passed_time":0.8162261299,"remaining_time":10.5202479},
{"learn":[0.4791636208],"iteration":72,"passed_time":0.8280164294,"remaining_time":10.51467438},
{"learn":[0.4765504333],"iteration":73,"passed_time":0.8392859936,"remaining_time":10.50241662},
{"learn":[0.4747632244],"iteration":74,"passed_time":0.8510108918,"remaining_time":10.495801},
{"learn":[0.4734282944],"iteration":75,"passed_time":0.8683168897,"remaining_time":10.55690534},
{"learn":[0.4715028268],"iteration":76,"passed_time":0.885362528,"remaining_time":10.61285212},
{"learn":[0.4699610177],"iteration":77,"passed_time":0.8974568587,"remaining_time":10.6084003},
{"learn":[0.4679723642],"iteration":78,"passed_time":0.9148605825,"remaining_time":10.66565312},
{"learn":[0.4664275878],"iteration":79,"passed_time":0.9290836713,"remaining_time":10.68446222},
{"learn":[0.4644092245],"iteration":80,"passed_time":0.9416971698,"remaining_time":10.68419381},
{"learn":[0.4624933614],"iteration":81,"passed_time":0.9540522941,"remaining_time":10.68073178},
{"learn":[0.4603866847],"iteration":82,"passed_time":0.9655997935,"remaining_time":10.66813266},
{"learn":[0.458727319],"iteration":83,"passed_time":0.9794332297,"remaining_time":10.68048617},
{"learn":[0.4571961724],"iteration":84,"passed_time":0.9925690414,"remaining_time":10.6847138},
{"learn":[0.4554020924],"iteration":85,"passed_time":1.009910758,"remaining_time":10.73323759},
{"learn":[0.4535716847],"iteration":86,"passed_time":1.024503143,"remaining_time":10.75139505},
{"learn":[0.4515735189],"iteration":87,"passed_time":1.036680822,"remaining_time":10.74378307},
{"learn":[0.4502176139],"iteration":88,"passed_time":1.051775175,"remaining_time":10.76592342},
{"learn":[0.4488916729],"iteration":89,"passed_time":1.064553383,"remaining_time":10.76381754},
{"learn":[0.4475056779],"iteration":90,"passed_time":1.08087069,"remaining_time":10.7968292},
{"learn":[0.4459364986],"iteration":91,"passed_time":1.095044033,"remaining_time":10.80760849},
{"learn":[0.4444383605],"iteration":92,"passed_time":1.107724015,"remaining_time":10.8032869},
{"learn":[0.4431231505],"iteration":93,"passed_time":1.120367702,"remaining_time":10.79843764},
{"learn":[0.4414432431],"iteration":94,"passed_time":1.134986682,"remaining_time":10.81224154},
{"learn":[0.4393825965],"iteration":95,"passed_time":1.148310567,"remaining_time":10.81325784},
{"learn":[0.4380468477],"iteration":96,"passed_time":1.159900819,"remaining_time":10.79783958},
{"learn":[0.4362446941],"iteration":97,"passed_time":1.176240619,"remaining_time":10.82621468},
{"learn":[0.4349635607],"iteration":98,"passed_time":1.192497024,"remaining_time":10.85292746},
{"learn":[0.4338143822],"iteration":99,"passed_time":1.208218697,"remaining_time":10.87396827},
{"learn":[0.4322468432],"iteration":100,"passed_time":1.226282669,"remaining_time":10.91512989},
{"learn":[0.4304283272],"iteration":101,"passed_time":1.255555549,"remaining_time":11.05381258},
{"learn":[0.4290068059],"iteration":102,"passed_time":1.270349547,"remaining_time":11.0631412},
{"learn":[0.427840335],"iteration":103,"passed_time":1.282910862,"remaining_time":11.0527705},
{"learn":[0.4265586086],"iteration":104,"passed_time":1.295519887,"remaining_time":11.04276475},
{"learn":[0.4251057536],"iteration":105,"passed_time":1.308334213,"remaining_time":11.03444138},
{"learn":[0.4236811663],"iteration":106,"passed_time":1.323376334,"remaining_time":11.04462679},
{"learn":[0.4224093305],"iteration":107,"passed_time":1.339728132,"remaining_time":11.06516198},
{"learn":[0.4208131491],"iteration":108,"passed_time":1.355561615,"remaining_time":11.08078348},
{"learn":[0.418922871],"iteration":109,"passed_time":1.371304999,"remaining_time":11.09510408},
{"learn":[0.4173500687],"iteration":110,"passed_time":1.385915696,"remaining_time":11.0998113},
{"learn":[0.4162601119],"iteration":111,"passed_time":1.406755446,"remaining_time":11.15356103},
{"learn":[0.4150914052],"iteration":112,"passed_time":1.419340618,"remaining_time":11.14119582},
{"learn":[0.4132452622],"iteration":113,"passed_time":1.437649071,"remaining_time":11.17330769},
{"learn":[0.4117204739],"iteration":114,"passed_time":1.451329016,"remaining_time":11.1689233},
{"learn":[0.4101336509],"iteration":115,"passed_time":1.461704519,"remaining_time":11.13919651},
{"learn":[0.408501497],"iteration":116,"passed_time":1.47803593,"remaining_time":11.1547498},
{"learn":[0.4071026883],"iteration":117,"passed_time":1.487908286,"remaining_time":11.12148397},
{"learn":[0.4059222514],"iteration":118,"passed_time":1.497057129,"remaining_time":11.08325488},
{"learn":[0.4039448713],"iteration":119,"passed_time":1.50604406,"remaining_time":11.04432311},
{"learn":[0.4027138029],"iteration":120,"passed_time":1.515153235,"remaining_time":11.00677433},
{"learn":[0.4009687234],"iteration":121,"passed_time":1.524870546,"remaining_time":10.97406835},
{"learn":[0.3995675979],"iteration":122,"passed_time":1.533802309,"remaining_time":10.93613516},
{"learn":[0.397918116],"iteration":123,"passed_time":1.54281313,"remaining_time":10.89922824},
{"learn":[0.3964751947],"iteration":124,"passed_time":1.551672496,"remaining_time":10.86170747},
{"learn":[0.3951514734],"iteration":125,"passed_time":1.563809763,"remaining_time":10.84737883},
{"learn":[0.3936618545],"iteration":126,"passed_time":1.576325108,"remaining_time":10.83568362},
{"learn":[0.3917098057],"iteration":127,"passed_time":1.58728826,"remaining_time":10.81340127},
{"learn":[0.3907617909],"iteration":128,"passed_time":1.597374573,"remaining_time":10.78537405},
{"learn":[0.3895288199],"iteration":129,"passed_time":1.606386501,"remaining_time":10.75043274},
{"learn":[0.3886132159],"iteration":130,"passed_time":1.615623536,"remaining_time":10.71738056},
{"learn":[0.3876470363],"iteration":131,"passed_time":1.624375295,"remaining_time":10.68149815},
{"learn":[0.386710875],"iteration":132,"passed_time":1.633865295,"remaining_time":10.65083617},
{"learn":[0.3853282836],"iteration":133,"passed_time":1.64336879,"remaining_time":10.6205774},
{"learn":[0.3840015019],"iteration":134,"passed_time":1.652437218,"remaining_time":10.58783847},
{"learn":[0.3825171151],"iteration":135,"passed_time":1.661853674,"remaining_time":10.55765863},
{"learn":[0.3815684426],"iteration":136,"passed_time":1.671493046,"remaining_time":10.52918612},
{"learn":[0.3803558896],"iteration":137,"passed_time":1.680180861,"remaining_time":10.49504277},
{"learn":[0.3790853732],"iteration":138,"passed_time":1.68991544,"remaining_time":10.4677496},
{"learn":[0.3778062336],"iteration":139,"passed_time":1.698989857,"remaining_time":10.43665198},
{"learn":[0.3766846603],"iteration":140,"passed_time":1.71270246,"remaining_time":10.4341235},
{"learn":[0.3755794861],"iteration":141,"passed_time":1.721614248,"remaining_time":10.40242975},
{"learn":[0.3746165228],"iteration":142,"passed_time":1.730719819,"remaining_time":10.37221598},
{"learn":[0.3735032189],"iteration":143,"passed_time":1.743112528,"remaining_time":10.36183559},
{"learn":[0.3718444176],"iteration":144,"passed_time":1.760972742,"remaining_time":10.38366686},
{"learn":[0.3707429589],"iteration":145,"passed_time":1.771733201,"remaining_time":10.36342571},
{"learn":[0.3696743953],"iteration":146,"passed_time":1.781599477,"remaining_time":10.33812485},
{"learn":[0.3683704514],"iteration":147,"passed_time":1.793385471,"remaining_time":10.32408393},
{"learn":[0.3665766601],"iteration":148,"passed_time":1.805747737,"remaining_time":10.31336459},
{"learn":[0.3654630216],"iteration":149,"passed_time":1.816798721,"remaining_time":10.29519275},
{"learn":[0.3638351368],"iteration":150,"passed_time":1.82814064,"remaining_time":10.27875102},
{"learn":[0.3626532571],"iteration":151,"passed_time":1.838728256,"remaining_time":10.25816816},
{"learn":[0.3618334386],"iteration":152,"passed_time":1.849387997,"remaining_time":10.23811525},
{"learn":[0.3607319582],"iteration":153,"passed_time":1.857990379,"remaining_time":10.20688221},
{"learn":[0.3597967023],"iteration":154,"passed_time":1.866717358,"remaining_time":10.17662043},
{"learn":[0.3581966846],"iteration":155,"passed_time":1.876169465,"remaining_time":10.15055788},
{"learn":[0.3574579329],"iteration":156,"passed_time":1.884942792,"remaining_time":10.12106225},
{"learn":[0.3563869046],"iteration":157,"passed_time":1.89406175,"remaining_time":10.09367085},
{"learn":[0.3554905812],"iteration":158,"passed_time":1.903305744,"remaining_time":10.06717063},
{"learn":[0.354420959],"iteration":159,"passed_time":1.914779637,"remaining_time":10.05259309},
{"learn":[0.3537167494],"iteration":160,"passed_time":1.925223229,"remaining_time":10.03268503},
{"learn":[0.3527889401],"iteration":161,"passed_time":1.943004262,"remaining_time":10.05084921},
{"learn":[0.3518174881],"iteration":162,"passed_time":1.952894743,"remaining_time":10.0280546},
{"learn":[0.3508139437],"iteration":163,"passed_time":1.96245012,"remaining_time":10.00370915},
{"learn":[0.3499725778],"iteration":164,"passed_time":1.971134403,"remaining_time":9.975134707},
{"learn":[0.3488571819],"iteration":165,"passed_time":1.980053229,"remaining_time":9.94797827},
{"learn":[0.3473808675],"iteration":166,"passed_time":1.989243133,"remaining_time":9.922392395},
{"learn":[0.3466183533],"iteration":167,"passed_time":1.997938037,"remaining_time":9.89455028},
{"learn":[0.3456513007],"iteration":168,"passed_time":2.007325479,"remaining_time":9.870340078},
{"learn":[0.3448912925],"iteration":169,"passed_time":2.016148456,"remaining_time":9.843548342},
{"learn":[0.3439571676],"iteration":170,"passed_time":2.025118211,"remaining_time":9.817678343},
{"learn":[0.3430515316],"iteration":171,"passed_time":2.034375997,"remaining_time":9.793391425},
{"learn":[0.3418423832],"iteration":172,"passed_time":2.043130616,"remaining_time":9.766872945},
{"learn":[0.3408835623],"iteration":173,"passed_time":2.051841939,"remaining_time":9.740353115},
{"learn":[0.3397815395],"iteration":174,"passed_time":2.062065649,"remaining_time":9.721166631},
{"learn":[0.3387760978],"iteration":175,"passed_time":2.072858069,"remaining_time":9.704744597},
{"learn":[0.3379083757],"iteration":176,"passed_time":2.084313452,"remaining_time":9.691468763},
{"learn":[0.3367436768],"iteration":177,"passed_time":2.094921179,"remaining_time":9.674298926},
{"learn":[0.3352052505],"iteration":178,"passed_time":2.107512028,"remaining_time":9.666298185},
{"learn":[0.3343647502],"iteration":179,"passed_time":2.116541983,"remaining_time":9.64202459},
{"learn":[0.3332119303],"iteration":180,"passed_time":2.125461682,"remaining_time":9.61742054},
{"learn":[0.3322071268],"iteration":181,"passed_time":2.135631505,"remaining_time":9.598607533},
{"learn":[0.3309605174],"iteration":182,"passed_time":2.144554219,"remaining_time":9.574321295},
{"learn":[0.3294256996],"iteration":183,"passed_time":2.154957386,"remaining_time":9.55676754},
{"learn":[0.3283726183],"iteration":184,"passed_time":2.165895849,"remaining_time":9.54164928},
{"learn":[0.3274116361],"iteration":185,"passed_time":2.200189308,"remaining_time":9.628785465},
{"learn":[0.3264284624],"iteration":186,"passed_time":2.209953251,"remaining_time":9.607978573},
{"learn":[0.3255749522],"iteration":187,"passed_time":2.220059959,"remaining_time":9.588769612},
{"learn":[0.3246604367],"iteration":188,"passed_time":2.231335807,"remaining_time":9.574673754},
{"learn":[0.3239534683],"iteration":189,"passed_time":2.241077714,"remaining_time":9.55406815},
{"learn":[0.3230523604],"iteration":190,"passed_time":2.251141108,"remaining_time":9.534937993},
{"learn":[0.3217042569],"iteration":191,"passed_time":2.26672574,"remaining_time":9.539137489},
{"learn":[0.320787802],"iteration":192,"passed_time":2.283658469,"remaining_time":9.548768831},
{"learn":[0.319976638],"iteration":193,"passed_time":2.298766802,"remaining_time":9.550546609},
{"learn":[0.3193385747],"iteration":194,"passed_time":2.309500696,"remaining_time":9.534092615},
{"learn":[0.3186732794],"iteration":195,"passed_time":2.319858855,"remaining_time":9.516155713},
{"learn":[0.3177597112],"iteration":196,"passed_time":2.3320235,"remaining_time":9.505659241},
{"learn":[0.3169548704],"iteration":197,"passed_time":2.34297191,"remaining_time":9.490219556},
{"learn":[0.3161177672],"iteration":198,"passed_time":2.354563146,"remaining_time":9.477412461},
{"learn":[0.3152196664],"iteration":199,"passed_time":2.364886345,"remaining_time":9.459545381},
{"learn":[0.3144683117],"iteration":200,"passed_time":2.374301775,"remaining_time":9.438144867},
{"learn":[0.3133057292],"iteration":201,"passed_time":2.386048279,"remaining_time":9.426071914},
{"learn":[0.3123796944],"iteration":202,"passed_time":2.399540822,"remaining_time":9.420857318},
{"learn":[0.3118098618],"iteration":203,"passed_time":2.415047401,"remaining_time":9.423420251},
{"learn":[0.3109615302],"iteration":204,"passed_time":2.425199055,"remaining_time":9.405040238},
{"learn":[0.31021346],"iteration":205,"passed_time":2.435116151,"remaining_time":9.385836037},
{"learn":[0.3095048983],"iteration":206,"passed_time":2.447660679,"remaining_time":9.376787045},
{"learn":[0.308826121],"iteration":207,"passed_time":2.462958627,"remaining_time":9.378188618},
{"learn":[0.3080498238],"iteration":208,"passed_time":2.473051613,"remaining_time":9.359731225},
{"learn":[0.3074557214],"iteration":209,"passed_time":2.48463169,"remaining_time":9.346947785},
{"learn":[0.3065948626],"iteration":210,"passed_time":2.495119531,"remaining_time":9.330091517},
{"learn":[0.3053395678],"iteration":211,"passed_time":2.505104487,"remaining_time":9.311426112},
{"learn":[0.304497493],"iteration":212,"passed_time":2.515065753,"remaining_time":9.292754685},
{"learn":[0.303563519],"iteration":213,"passed_time":2.524730855,"remaining_time":9.27307688},
{"learn":[0.3027351034],"iteration":214,"passed_time":2.53460383,"remaining_time":9.254251194},
{"learn":[0.3020610926],"iteration":215,"passed_time":2.545626089,"remaining_time":9.23967988},
{"learn":[0.3011558742],"iteration":216,"passed_time":2.555135228,"remaining_time":9.21968149},
{"learn":[0.3001879922],"iteration":217,"passed_time":2.564888123,"remaining_time":9.200653725},
{"learn":[0.2991452272],"iteration":218,"passed_time":2.576345324,"remaining_time":9.187788575},
{"learn":[0.2982015509],"iteration":219,"passed_time":2.585856292,"remaining_time":9.168035943},
{"learn":[0.2973342996],"iteration":220,"passed_time":2.595193735,"remaining_time":9.147764342},
{"learn":[0.2968015256],"iteration":221,"passed_time":2.606258411,"remaining_time":9.133644342},
{"learn":[0.2960713991],"iteration":222,"passed_time":2.616351438,"remaining_time":9.116166221},
{"learn":[0.2950206374],"iteration":223,"passed_time":2.626572014,"remaining_time":9.099195907},
{"learn":[0.2940590801],"iteration":224,"passed_time":2.64885661,"remaining_time":9.123839434},
{"learn":[0.2932405518],"iteration":225,"passed_time":2.658213814,"remaining_time":9.103794212},
{"learn":[0.2923070213],"iteration":226,"passed_time":2.669520892,"remaining_time":9.090483038},
{"learn":[0.2913268056],"iteration":227,"passed_time":2.679288114,"remaining_time":9.071975545},
{"learn":[0.2903890293],"iteration":228,"passed_time":2.688079413,"remaining_time":9.050258635},
{"learn":[0.2895775409],"iteration":229,"passed_time":2.697064686,"remaining_time":9.029303513},
{"learn":[0.2891122497],"iteration":230,"passed_time":2.706255895,"remaining_time":9.00913759},
{"learn":[0.2883706778],"iteration":231,"passed_time":2.715116019,"remaining_time":8.987970271},
{"learn":[0.2875239442],"iteration":232,"passed_time":2.723936429,"remaining_time":8.966777858},
{"learn":[0.2865643069],"iteration":233,"passed_time":2.733309443,"remaining_time":8.947500141},
{"learn":[0.2855251742],"iteration":234,"passed_time":2.741976649,"remaining_time":8.926009092},
{"learn":[0.2849052217],"iteration":235,"passed_time":2.750819965,"remaining_time":8.905196835},
{"learn":[0.2841767837],"iteration":236,"passed_time":2.76027873,"remaining_time":8.886466967},
{"learn":[0.2829747991],"iteration":237,"passed_time":2.769236274,"remaining_time":8.866210256},
{"learn":[0.2824063813],"iteration":238,"passed_time":2.778332311,"remaining_time":8.846489074},
{"learn":[0.2817985556],"iteration":239,"passed_time":2.787175005,"remaining_time":8.826054181},
{"learn":[0.2810624974],"iteration":240,"passed_time":2.80002581,"remaining_time":8.818338547},
{"learn":[0.2803745795],"iteration":241,"passed_time":2.81173388,"remaining_time":8.80700116},
{"learn":[0.2796661007],"iteration":242,"passed_time":2.822123354,"remaining_time":8.791553},
{"learn":[0.2789042678],"iteration":243,"passed_time":2.83155635,"remaining_time":8.773182789},
{"learn":[0.2782257237],"iteration":244,"passed_time":2.840536889,"remaining_time":8.753491229},
{"learn":[0.2775742586],"iteration":245,"passed_time":2.849923831,"remaining_time":8.735132391},
{"learn":[0.2767683413],"iteration":246,"passed_time":2.859110758,"remaining_time":8.71623644},
{"learn":[0.276103353],"iteration":247,"passed_time":2.867986874,"remaining_time":8.696476329},
{"learn":[0.2753508875],"iteration":248,"passed_time":2.881217337,"remaining_time":8.689936625},
{"learn":[0.2747665081],"iteration":249,"passed_time":2.890036767,"remaining_time":8.6701103},
{"learn":[0.2741745714],"iteration":250,"passed_time":2.899132138,"remaining_time":8.651195105},
{"learn":[0.2734172438],"iteration":251,"passed_time":2.908424909,"remaining_time":8.632943777},
{"learn":[0.2725571696],"iteration":252,"passed_time":2.917828747,"remaining_time":8.615091203},
{"learn":[0.2719476204],"iteration":253,"passed_time":2.926682389,"remaining_time":8.595689221},
{"learn":[0.2712866197],"iteration":254,"passed_time":2.936363621,"remaining_time":8.578787834},
{"learn":[0.2703381679],"iteration":255,"passed_time":2.945379269,"remaining_time":8.5600085},
{"learn":[0.2695072804],"iteration":256,"passed_time":2.956812881,"remaining_time":8.548295605},
{"learn":[0.2690377088],"iteration":257,"passed_time":2.966448558,"remaining_time":8.531414071},
{"learn":[0.2685897131],"iteration":258,"passed_time":2.978322409,"remaining_time":8.520991911},
{"learn":[0.2676992768],"iteration":259,"passed_time":2.990748831,"remaining_time":8.512131289},
{"learn":[0.2671735315],"iteration":260,"passed_time":2.999778351,"remaining_time":8.493625293},
{"learn":[0.2664473512],"iteration":261,"passed_time":3.036723579,"remaining_time":8.553824433},
{"learn":[0.2657461335],"iteration":262,"passed_time":3.073672553,"remaining_time":8.613295328},
{"learn":[0.2651867036],"iteration":263,"passed_time":3.124182533,"remaining_time":8.709842212},
{"learn":[0.2645008375],"iteration":264,"passed_time":3.146622312,"remaining_time":8.727424148},
{"learn":[0.2640727534],"iteration":265,"passed_time":3.164451066,"remaining_time":8.731981514},
{"learn":[0.2633616354],"iteration":266,"passed_time":3.213261193,"remaining_time":8.821424922},
{"learn":[0.2627485392],"iteration":267,"passed_time":3.22746978,"remaining_time":8.815327907},
{"learn":[0.2622260586],"iteration":268,"passed_time":3.24096218,"remaining_time":8.807224362},
{"learn":[0.2615260375],"iteration":269,"passed_time":3.252636649,"remaining_time":8.794165756},
{"learn":[0.2609112885],"iteration":270,"passed_time":3.262490291,"remaining_time":8.77621927},
{"learn":[0.2602567811],"iteration":271,"passed_time":3.272139408,"remaining_time":8.757784885},
{"learn":[0.2596927559],"iteration":272,"passed_time":3.283440728,"remaining_time":8.743814686},
{"learn":[0.2586558438],"iteration":273,"passed_time":3.29349,"remaining_time":8.726546497},
{"learn":[0.258116438],"iteration":274,"passed_time":3.302882195,"remaining_time":8.707598514},
{"learn":[0.2575963321],"iteration":275,"passed_time":3.313938118,"remaining_time":8.693084049},
{"learn":[0.2569360143],"iteration":276,"passed_time":3.324272444,"remaining_time":8.676711107},
{"learn":[0.2563129527],"iteration":277,"passed_time":3.336209419,"remaining_time":8.664543887},
{"learn":[0.2557101852],"iteration":278,"passed_time":3.347967643,"remaining_time":8.651916381},
{"learn":[0.2550188428],"iteration":279,"passed_time":3.370552403,"remaining_time":8.667134749},
{"learn":[0.254237895],"iteration":280,"passed_time":3.380225853,"remaining_time":8.649047645},
{"learn":[0.253408143],"iteration":281,"passed_time":3.392240459,"remaining_time":8.636981026},
{"learn":[0.2528529433],"iteration":282,"passed_time":3.40344334,"remaining_time":8.622858214},
{"learn":[0.2522637547],"iteration":283,"passed_time":3.412890436,"remaining_time":8.604329408},
{"learn":[0.2516670325],"iteration":284,"passed_time":3.422601945,"remaining_time":8.586527687},
{"learn":[0.2507773474],"iteration":285,"passed_time":3.4335205,"remaining_time":8.571795932},
{"learn":[0.2498256333],"iteration":286,"passed_time":3.442711472,"remaining_time":8.552798882},
{"learn":[0.2491245013],"iteration":287,"passed_time":3.455343543,"remaining_time":8.542377093},
{"learn":[0.2483503573],"iteration":288,"passed_time":3.469205276,"remaining_time":8.534965229},
{"learn":[0.2477187937],"iteration":289,"passed_time":3.483009901,"remaining_time":8.527369068},
{"learn":[0.2471634675],"iteration":290,"passed_time":3.497089196,"remaining_time":8.520399449},
{"learn":[0.2465928473],"iteration":291,"passed_time":3.514336388,"remaining_time":8.521062202},
{"learn":[0.2457352562],"iteration":292,"passed_time":3.53053443,"remaining_time":8.519071133},
{"learn":[0.2450705408],"iteration":293,"passed_time":3.543157401,"remaining_time":8.508398384},
{"learn":[0.2444162986],"iteration":294,"passed_time":3.553724996,"remaining_time":8.492800415},
{"learn":[0.2435789988],"iteration":295,"passed_time":3.565760994,"remaining_time":8.48072885},
{"learn":[0.242769331],"iteration":296,"passed_time":3.575802665,"remaining_time":8.463936949},
{"learn":[0.2420414451],"iteration":297,"passed_time":3.585343103,"remaining_time":8.446009592},
{"learn":[0.241303447],"iteration":298,"passed_time":3.599235768,"remaining_time":8.438342052},
{"learn":[0.2408473567],"iteration":299,"passed_time":3.608014838,"remaining_time":8.41870129},
{"learn":[0.2402286084],"iteration":300,"passed_time":3.61795504,"remaining_time":8.401829147},
{"learn":[0.2396027364],"iteration":301,"passed_time":3.626821806,"remaining_time":8.382521922},
{"learn":[0.2389280415],"iteration":302,"passed_time":3.635453349,"remaining_time":8.362742523},
{"learn":[0.2385271949],"iteration":303,"passed_time":3.644998195,"remaining_time":8.345127446},
{"learn":[0.2381466794],"iteration":304,"passed_time":3.653734741,"remaining_time":8.325723427},
{"learn":[0.2376401318],"iteration":305,"passed_time":3.662542147,"remaining_time":8.306549836},
{"learn":[0.237071163],"iteration":306,"passed_time":3.671555584,"remaining_time":8.287908858},
{"learn":[0.2364477866],"iteration":307,"passed_time":3.683914487,"remaining_time":8.276846834},
{"learn":[0.2359036429],"iteration":308,"passed_time":3.695680674,"remaining_time":8.264450957},
{"learn":[0.235319578],"iteration":309,"passed_time":3.707191302,"remaining_time":8.251490316},
{"learn":[0.2347114392],"iteration":310,"passed_time":3.716866556,"remaining_time":8.234472852},
{"learn":[0.2339814411],"iteration":311,"passed_time":3.726783175,"remaining_time":8.218034693},
{"learn":[0.2335194616],"iteration":312,"passed_time":3.738439986,"remaining_time":8.205457734},
{"learn":[0.2331234438],"iteration":313,"passed_time":3.748858551,"remaining_time":8.190181421},
{"learn":[0.2325798085],"iteration":314,"passed_time":3.760422431,"remaining_time":8.177426557},
{"learn":[0.2316807716],"iteration":315,"passed_time":3.771828778,"remaining_time":8.164338241},
{"learn":[0.2306843578],"iteration":316,"passed_time":3.782943705,"remaining_time":8.150632652},
{"learn":[0.2301977793],"iteration":317,"passed_time":3.792762842,"remaining_time":8.134164334},
{"learn":[0.229775698],"iteration":318,"passed_time":3.802086787,"remaining_time":8.11668057},
{"learn":[0.229261316],"iteration":319,"passed_time":3.810869703,"remaining_time":8.098098119},
{"learn":[0.2286076797],"iteration":320,"passed_time":3.826991939,"remaining_time":8.095101328},
{"learn":[0.2277613922],"iteration":321,"passed_time":3.836124676,"remaining_time":8.077305994},
{"learn":[0.2269003699],"iteration":322,"passed_time":3.847709983,"remaining_time":8.064704825},
{"learn":[0.2265504959],"iteration":323,"passed_time":3.858685393,"remaining_time":8.050837425},
{"learn":[0.2259706017],"iteration":324,"passed_time":3.869436675,"remaining_time":8.036522326},
{"learn":[0.2254451426],"iteration":325,"passed_time":3.881038233,"remaining_time":8.023987021},
{"learn":[0.2250494979],"iteration":326,"passed_time":3.890355942,"remaining_time":8.006757031},
{"learn":[0.2245053778],"iteration":327,"passed_time":3.899483744,"remaining_time":7.989186207},
{"learn":[0.2240085782],"iteration":328,"passed_time":3.908414541,"remaining_time":7.971264914},
{"learn":[0.2236624049],"iteration":329,"passed_time":3.917392726,"remaining_time":7.953494323},
{"learn":[0.2232014193],"iteration":330,"passed_time":3.926389792,"remaining_time":7.935815017},
{"learn":[0.222521594],"iteration":331,"passed_time":3.935163845,"remaining_time":7.917739303},
{"learn":[0.2220816374],"iteration":332,"passed_time":3.94453397,"remaining_time":7.900913387},
{"learn":[0.221638759],"iteration":333,"passed_time":3.953393256,"remaining_time":7.883113498},
{"learn":[0.2210540779],"iteration":334,"passed_time":3.962417488,"remaining_time":7.865694416},
{"learn":[0.2206176848],"iteration":335,"passed_time":3.971337136,"remaining_time":7.848118626},
{"learn":[0.2202255848],"iteration":336,"passed_time":3.980011195,"remaining_time":7.830111045},
{"learn":[0.2197611148],"iteration":337,"passed_time":3.98915586,"remaining_time":7.813080413},
{"learn":[0.2193376825],"iteration":338,"passed_time":3.998234573,"remaining_time":7.795967708},
{"learn":[0.2189586059],"iteration":339,"passed_time":4.009196341,"remaining_time":7.782557602},
{"learn":[0.2185469181],"iteration":340,"passed_time":4.020957749,"remaining_time":7.770707203},
{"learn":[0.2181145757],"iteration":341,"passed_time":4.035529921,"remaining_time":7.76426517},
{"learn":[0.2175480179],"iteration":342,"passed_time":4.046573816,"remaining_time":7.751017484},
{"learn":[0.2169659621],"iteration":343,"passed_time":4.065649687,"remaining_time":7.753099404},
{"learn":[0.216209302],"iteration":344,"passed_time":4.07677159,"remaining_time":7.739957656},
{"learn":[0.2155258814],"iteration":345,"passed_time":4.087039903,"remaining_time":7.725214152},
{"learn":[0.2150469516],"iteration":346,"passed_time":4.096162574,"remaining_time":7.708340521},
{"learn":[0.2143497095],"iteration":347,"passed_time":4.10546682,"remaining_time":7.691851629},
{"learn":[0.2139875219],"iteration":348,"passed_time":4.114318944,"remaining_time":7.674560551},
{"learn":[0.2136747766],"iteration":349,"passed_time":4.123067414,"remaining_time":7.657125198},
{"learn":[0.2131228415],"iteration":350,"passed_time":4.13237755,"remaining_time":7.640777862},
{"learn":[0.2126047431],"iteration":351,"passed_time":4.141130146,"remaining_time":7.623444132},
{"learn":[0.2121296549],"iteration":352,"passed_time":4.15029177,"remaining_time":7.606908711},
{"learn":[0.2117383632],"iteration":353,"passed_time":4.159438025,"remaining_time":7.590386905},
{"learn":[0.2113524754],"iteration":354,"passed_time":4.168145959,"remaining_time":7.573110264},
{"learn":[0.2108971529],"iteration":355,"passed_time":4.178807397,"remaining_time":7.559415628},
{"learn":[0.2102989938],"iteration":356,"passed_time":4.189849739,"remaining_time":7.54642404},
{"learn":[0.2099059172],"iteration":357,"passed_time":4.206467802,"remaining_time":7.54344226},
{"learn":[0.2094634562],"iteration":358,"passed_time":4.221087199,"remaining_time":7.536815862},
{"learn":[0.2092229721],"iteration":359,"passed_time":4.23233003,"remaining_time":7.524142275},
{"learn":[0.2085484342],"iteration":360,"passed_time":4.245840013,"remaining_time":7.515489662},
{"learn":[0.2081287171],"iteration":361,"passed_time":4.257112633,"remaining_time":7.502867017},
{"learn":[0.2076675732],"iteration":362,"passed_time":4.268913095,"remaining_time":7.491178075},
{"learn":[0.2071826171],"iteration":363,"passed_time":4.278328432,"remaining_time":7.475321107},
{"learn":[0.2067935356],"iteration":364,"passed_time":4.291497708,"remaining_time":7.466030259},
{"learn":[0.206255013],"iteration":365,"passed_time":4.300431459,"remaining_time":7.449381271},
{"learn":[0.2057599282],"iteration":366,"passed_time":4.310989588,"remaining_time":7.435576047},
{"learn":[0.2053859261],"iteration":367,"passed_time":4.321444802,"remaining_time":7.421611724},
{"learn":[0.2049019827],"iteration":368,"passed_time":4.331027933,"remaining_time":7.406175138},
{"learn":[0.2045377985],"iteration":369,"passed_time":4.339717307,"remaining_time":7.389248387},
{"learn":[0.204264974],"iteration":370,"passed_time":4.348547723,"remaining_time":7.372605169},
{"learn":[0.20370636],"iteration":371,"passed_time":4.357841365,"remaining_time":7.35678596},
{"learn":[0.2032380418],"iteration":372,"passed_time":4.367728656,"remaining_time":7.341999644},
{"learn":[0.2026345946],"iteration":373,"passed_time":4.380060621,"remaining_time":7.331331413},
{"learn":[0.2019303793],"iteration":374,"passed_time":4.391614074,"remaining_time":7.319356791},
{"learn":[0.2015189426],"iteration":375,"passed_time":4.400602429,"remaining_time":7.303127436},
{"learn":[0.2011973316],"iteration":376,"passed_time":4.410185302,"remaining_time":7.287918947},
{"learn":[0.2007964065],"iteration":377,"passed_time":4.419355735,"remaining_time":7.272061554},
{"learn":[0.2003884277],"iteration":378,"passed_time":4.428193588,"remaining_time":7.255694507},
{"learn":[0.1998577498],"iteration":379,"passed_time":4.437135316,"remaining_time":7.239536568},
{"learn":[0.1993584651],"iteration":380,"passed_time":4.448064443,"remaining_time":7.226645381},
{"learn":[0.1987970098],"iteration":381,"passed_time":4.456832368,"remaining_time":7.210268071},
{"learn":[0.1984372609],"iteration":382,"passed_time":4.466399561,"remaining_time":7.195218093},
{"learn":[0.1980957946],"iteration":383,"passed_time":4.475663958,"remaining_time":7.179710932},
{"learn":[0.197750009],"iteration":384,"passed_time":4.484659091,"remaining_time":7.163806081},
{"learn":[0.1971290519],"iteration":385,"passed_time":4.493734206,"remaining_time":7.148064255},
{"learn":[0.1966050788],"iteration":386,"passed_time":4.503265633,"remaining_time":7.133079672},
{"learn":[0.1961582916],"iteration":387,"passed_time":4.511976541,"remaining_time":7.116828977},
{"learn":[0.195531476],"iteration":388,"passed_time":4.528171668,"remaining_time":7.112372465},
{"learn":[0.1950146183],"iteration":389,"passed_time":4.540306793,"remaining_time":7.101505497},
{"learn":[0.1945237525],"iteration":390,"passed_time":4.556081638,"remaining_time":7.096301068},
{"learn":[0.1940299591],"iteration":391,"passed_time":4.567644471,"remaining_time":7.084509792},
{"learn":[0.1937159938],"iteration":392,"passed_time":4.578733272,"remaining_time":7.071987522},
{"learn":[0.1931774231],"iteration":393,"passed_time":4.590377654,"remaining_time":7.060327052},
{"learn":[0.192748631],"iteration":394,"passed_time":4.602468384,"remaining_time":7.049350309},
{"learn":[0.1924037975],"iteration":395,"passed_time":4.613646597,"remaining_time":7.036976123},
{"learn":[0.1920442468],"iteration":396,"passed_time":4.625342837,"remaining_time":7.025394788},
{"learn":[0.191560266],"iteration":397,"passed_time":4.637242456,"remaining_time":7.014120498},
{"learn":[0.1909449785],"iteration":398,"passed_time":4.652994949,"remaining_time":7.008646528},
{"learn":[0.1905606297],"iteration":399,"passed_time":4.664047436,"remaining_time":6.996071154},
{"learn":[0.1902892789],"iteration":400,"passed_time":4.675429705,"remaining_time":6.983995993},
{"learn":[0.1900505201],"iteration":401,"passed_time":4.687949108,"remaining_time":6.973615837},
{"learn":[0.1894761154],"iteration":402,"passed_time":4.697228402,"remaining_time":6.958425201},
{"learn":[0.1891801248],"iteration":403,"passed_time":4.707200807,"remaining_time":6.944286339},
{"learn":[0.1887492359],"iteration":404,"passed_time":4.717288707,"remaining_time":6.93033773},
{"learn":[0.188502432],"iteration":405,"passed_time":4.728272691,"remaining_time":6.917719159},
{"learn":[0.1879993879],"iteration":406,"passed_time":4.739845302,"remaining_time":6.90596625},
{"learn":[0.187849823],"iteration":407,"passed_time":4.749579391,"remaining_time":6.891546568},
{"learn":[0.1874147005],"iteration":408,"passed_time":4.766389981,"remaining_time":6.887375254},
{"learn":[0.186914898],"iteration":409,"passed_time":4.77558879,"remaining_time":6.872188746},
{"learn":[0.1865191783],"iteration":410,"passed_time":4.78499932,"remaining_time":6.857334792},
{"learn":[0.1861378848],"iteration":411,"passed_time":4.794305453,"remaining_time":6.842358267},
{"learn":[0.185789392],"iteration":412,"passed_time":4.804191108,"remaining_time":6.828232882},
{"learn":[0.1854127609],"iteration":413,"passed_time":4.813229629,"remaining_time":6.812928895},
{"learn":[0.1849040149],"iteration":414,"passed_time":4.822080106,"remaining_time":6.79739003},
{"learn":[0.1845681639],"iteration":415,"passed_time":4.831040267,"remaining_time":6.782037298},
{"learn":[0.1842132279],"iteration":416,"passed_time":4.840273531,"remaining_time":6.767097046},
{"learn":[0.183853286],"iteration":417,"passed_time":4.849105535,"remaining_time":6.75162541},
{"learn":[0.183349395],"iteration":418,"passed_time":4.858215254,"remaining_time":6.736570555},
{"learn":[0.1829392221],"iteration":419,"passed_time":4.867130955,"remaining_time":6.721276081},
{"learn":[0.1823923614],"iteration":420,"passed_time":4.8757939,"remaining_time":6.705664294},
{"learn":[0.1818594577],"iteration":421,"passed_time":4.885038614,"remaining_time":6.690882272},
{"learn":[0.1815109735],"iteration":422,"passed_time":4.897114392,"remaining_time":6.67998819},
{"learn":[0.1812977091],"iteration":423,"passed_time":4.908145888,"remaining_time":6.667669886},
{"learn":[0.1809443717],"iteration":424,"passed_time":4.91752224,"remaining_time":6.653118325},
{"learn":[0.1806308614],"iteration":425,"passed_time":4.926974351,"remaining_time":6.63869314},
{"learn":[0.1802617341],"iteration":426,"passed_time":4.936484493,"remaining_time":6.624369121},
{"learn":[0.1799154105],"iteration":427,"passed_time":4.945209247,"remaining_time":6.609017966},
{"learn":[0.1797208316],"iteration":428,"passed_time":4.95386378,"remaining_time":6.593604239},
{"learn":[0.1792288168],"iteration":429,"passed_time":4.962706963,"remaining_time":6.57847202},
{"learn":[0.1787444773],"iteration":430,"passed_time":4.973161639,"remaining_time":6.565496456},
{"learn":[0.1784363873],"iteration":431,"passed_time":4.982340707,"remaining_time":6.550855374},
{"learn":[0.1781027217],"iteration":432,"passed_time":4.997195901,"remaining_time":6.54367223},
{"learn":[0.1775742733],"iteration":433,"passed_time":5.006183092,"remaining_time":6.528800991},
{"learn":[0.1771357451],"iteration":434,"passed_time":5.015655258,"remaining_time":6.514586714},
{"learn":[0.1768076459],"iteration":435,"passed_time":5.024925231,"remaining_time":6.500132639},
{"learn":[0.1764078467],"iteration":436,"passed_time":5.035501357,"remaining_time":6.487385044},
{"learn":[0.1760466521],"iteration":437,"passed_time":5.045776183,"remaining_time":6.474260764},
{"learn":[0.1757489325],"iteration":438,"passed_time":5.054905895,"remaining_time":6.45968612},
{"learn":[0.1753437141],"iteration":439,"passed_time":5.063663011,"remaining_time":6.444662014},
{"learn":[0.174971488],"iteration":440,"passed_time":5.076229275,"remaining_time":6.434494704},
{"learn":[0.1746309552],"iteration":441,"passed_time":5.087193244,"remaining_time":6.422293733},
{"learn":[0.1742646255],"iteration":442,"passed_time":5.096346764,"remaining_time":6.407822004},
{"learn":[0.173823264],"iteration":443,"passed_time":5.106141743,"remaining_time":6.394177498},
{"learn":[0.1735972576],"iteration":444,"passed_time":5.115485173,"remaining_time":6.379987125},
{"learn":[0.1732206964],"iteration":445,"passed_time":5.124194186,"remaining_time":6.365030447},
{"learn":[0.1727818536],"iteration":446,"passed_time":5.133130033,"remaining_time":6.350382344},
{"learn":[0.1724622245],"iteration":447,"passed_time":5.142243639,"remaining_time":6.33597877},
{"learn":[0.1721644083],"iteration":448,"passed_time":5.151072385,"remaining_time":6.321249185},
{"learn":[0.1719095987],"iteration":449,"passed_time":5.160084441,"remaining_time":6.306769872},
{"learn":[0.1714999722],"iteration":450,"passed_time":5.16899526,"remaining_time":6.29219157},
{"learn":[0.1710976822],"iteration":451,"passed_time":5.177652605,"remaining_time":6.277331035},
{"learn":[0.170581989],"iteration":452,"passed_time":5.187796521,"remaining_time":6.264292929},
{"learn":[0.170095447],"iteration":453,"passed_time":5.196513738,"remaining_time":6.249551764},
{"learn":[0.1697698006],"iteration":454,"passed_time":5.205274507,"remaining_time":6.234889244},
{"learn":[0.169250857],"iteration":455,"passed_time":5.214169746,"remaining_time":6.22041303},
{"learn":[0.1688674723],"iteration":456,"passed_time":5.227666724,"remaining_time":6.211428952},
{"learn":[0.1684109665],"iteration":457,"passed_time":5.236303101,"remaining_time":6.196673102},
{"learn":[0.1677367056],"iteration":458,"passed_time":5.249059671,"remaining_time":6.186800179},
{"learn":[0.1673494979],"iteration":459,"passed_time":5.262207223,"remaining_time":6.177373697},
{"learn":[0.1670091529],"iteration":460,"passed_time":5.273910382,"remaining_time":6.166242291},
{"learn":[0.1667194461],"iteration":461,"passed_time":5.282778259,"remaining_time":6.151806717},
{"learn":[0.1664970552],"iteration":462,"passed_time":5.292540874,"remaining_time":6.138432936},
{"learn":[0.1660462876],"iteration":463,"passed_time":5.302117843,"remaining_time":6.124860267},
{"learn":[0.1657467049],"iteration":464,"passed_time":5.311000889,"remaining_time":6.1105064},
{"learn":[0.1653764849],"iteration":465,"passed_time":5.321928741,"remaining_time":6.098519201},
{"learn":[0.1651280152],"iteration":466,"passed_time":5.334444921,"remaining_time":6.088349343},
{"learn":[0.1648056376],"iteration":467,"passed_time":5.344377338,"remaining_time":6.075232359},
{"learn":[0.1644000281],"iteration":468,"passed_time":5.35384621,"remaining_time":6.061604131},
{"learn":[0.1638996747],"iteration":469,"passed_time":5.364441925,"remaining_time":6.049264299},
{"learn":[0.1636511243],"iteration":470,"passed_time":5.374015196,"remaining_time":6.035783522},
{"learn":[0.1633227847],"iteration":471,"passed_time":5.383422156,"remaining_time":6.022133259},
{"learn":[0.1630085123],"iteration":472,"passed_time":5.393847448,"remaining_time":6.009635529},
{"learn":[0.1627177162],"iteration":473,"passed_time":5.403519439,"remaining_time":5.996310601},
{"learn":[0.1621791454],"iteration":474,"passed_time":5.412980977,"remaining_time":5.982768449},
{"learn":[0.1618250158],"iteration":475,"passed_time":5.424944139,"remaining_time":5.97199733},
{"learn":[0.1614816845],"iteration":476,"passed_time":5.437674141,"remaining_time":5.962062004},
{"learn":[0.1611966053],"iteration":477,"passed_time":5.450300394,"remaining_time":5.952001686},
{"learn":[0.1608720968],"iteration":478,"passed_time":5.467049185,"remaining_time":5.946414667},
{"learn":[0.1605059654],"iteration":479,"passed_time":5.477654835,"remaining_time":5.934126071},
{"learn":[0.1600585441],"iteration":480,"passed_time":5.486439733,"remaining_time":5.919879878},
{"learn":[0.1596695338],"iteration":481,"passed_time":5.496672319,"remaining_time":5.907212161},
{"learn":[0.1592243901],"iteration":482,"passed_time":5.509093068,"remaining_time":5.896896721},
{"learn":[0.1588312231],"iteration":483,"passed_time":5.520520026,"remaining_time":5.885513085},
{"learn":[0.1583544106],"iteration":484,"passed_time":5.529597144,"remaining_time":5.87163408},
{"learn":[0.1580518974],"iteration":485,"passed_time":5.538722181,"remaining_time":5.857825516},
{"learn":[0.1578354172],"iteration":486,"passed_time":5.547821512,"remaining_time":5.844009108},
{"learn":[0.1573988264],"iteration":487,"passed_time":5.556997048,"remaining_time":5.830291984},
{"learn":[0.1570117771],"iteration":488,"passed_time":5.570457677,"remaining_time":5.821071315},
{"learn":[0.1568216862],"iteration":489,"passed_time":5.581191209,"remaining_time":5.808994931},
{"learn":[0.1565073711],"iteration":490,"passed_time":5.594317239,"remaining_time":5.799404225},
{"learn":[0.1561396561],"iteration":491,"passed_time":5.605576065,"remaining_time":5.787871222},
{"learn":[0.1558271019],"iteration":492,"passed_time":5.621826607,"remaining_time":5.781472799},
{"learn":[0.1555351989],"iteration":493,"passed_time":5.636023134,"remaining_time":5.772930579},
{"learn":[0.1552535308],"iteration":494,"passed_time":5.649532986,"remaining_time":5.763664965},
{"learn":[0.1547934591],"iteration":495,"passed_time":5.667903247,"remaining_time":5.759321041},
{"learn":[0.1543165078],"iteration":496,"passed_time":5.685099651,"remaining_time":5.753732644},
{"learn":[0.1539796212],"iteration":497,"passed_time":5.704224571,"remaining_time":5.750041636},
{"learn":[0.1535230401],"iteration":498,"passed_time":5.722052746,"remaining_time":5.744986825},
{"learn":[0.1531633817],"iteration":499,"passed_time":5.739383783,"remaining_time":5.739383783},
{"learn":[0.1528888271],"iteration":500,"passed_time":5.753818935,"remaining_time":5.730849598},
{"learn":[0.1525515032],"iteration":501,"passed_time":5.770955643,"remaining_time":5.724971932},
{"learn":[0.1521527182],"iteration":502,"passed_time":5.785974982,"remaining_time":5.716957387},
{"learn":[0.1518482389],"iteration":503,"passed_time":5.8013212,"remaining_time":5.709236737},
{"learn":[0.1515158006],"iteration":504,"passed_time":5.820949694,"remaining_time":5.705683363},
{"learn":[0.1511424002],"iteration":505,"passed_time":5.837023023,"remaining_time":5.698595599},
{"learn":[0.1509098512],"iteration":506,"passed_time":5.852922101,"remaining_time":5.69130295},
{"learn":[0.1506104311],"iteration":507,"passed_time":5.871170243,"remaining_time":5.686251495},
{"learn":[0.1502932743],"iteration":508,"passed_time":5.913547485,"remaining_time":5.704423998},
{"learn":[0.1498244086],"iteration":509,"passed_time":5.975590388,"remaining_time":5.74125351},
{"learn":[0.1494588879],"iteration":510,"passed_time":5.995594339,"remaining_time":5.73746699},
{"learn":[0.1490007645],"iteration":511,"passed_time":6.010967925,"remaining_time":5.729203803},
{"learn":[0.1486137916],"iteration":512,"passed_time":6.027158883,"remaining_time":5.721688842},
{"learn":[0.1482704374],"iteration":513,"passed_time":6.036978079,"remaining_time":5.70811546},
{"learn":[0.1479633788],"iteration":514,"passed_time":6.047794881,"remaining_time":5.69549615},
{"learn":[0.1477096018],"iteration":515,"passed_time":6.063215878,"remaining_time":5.687202491},
{"learn":[0.1472713131],"iteration":516,"passed_time":6.077275174,"remaining_time":5.677609109},
{"learn":[0.1470166848],"iteration":517,"passed_time":6.090019782,"remaining_time":5.666775164},
{"learn":[0.1468470123],"iteration":518,"passed_time":6.100437663,"remaining_time":5.653777487},
{"learn":[0.1465270187],"iteration":519,"passed_time":6.110053169,"remaining_time":5.640049079},
{"learn":[0.1461561586],"iteration":520,"passed_time":6.120417703,"remaining_time":5.627025105},
{"learn":[0.1458779228],"iteration":521,"passed_time":6.130071981,"remaining_time":5.613360933},
{"learn":[0.1456233273],"iteration":522,"passed_time":6.139917712,"remaining_time":5.599886708},
{"learn":[0.1452323676],"iteration":523,"passed_time":6.149764799,"remaining_time":5.586427565},
{"learn":[0.1449266928],"iteration":524,"passed_time":6.163502963,"remaining_time":5.576502681},
{"learn":[0.1446804893],"iteration":525,"passed_time":6.182545126,"remaining_time":5.571342946},
{"learn":[0.1443532224],"iteration":526,"passed_time":6.203406746,"remaining_time":5.56776355},
{"learn":[0.1439540102],"iteration":527,"passed_time":6.212936448,"remaining_time":5.553988643},
{"learn":[0.143719505],"iteration":528,"passed_time":6.22296968,"remaining_time":5.540678109},
{"learn":[0.143432303],"iteration":529,"passed_time":6.2331406,"remaining_time":5.527502041},
{"learn":[0.1431845745],"iteration":530,"passed_time":6.24193021,"remaining_time":5.513117266},
{"learn":[0.1427072416],"iteration":531,"passed_time":6.251263885,"remaining_time":5.499232139},
{"learn":[0.1422274725],"iteration":532,"passed_time":6.261077488,"remaining_time":5.485784591},
{"learn":[0.1419414232],"iteration":533,"passed_time":6.270484244,"remaining_time":5.471995613},
{"learn":[0.141721423],"iteration":534,"passed_time":6.280342662,"remaining_time":5.458615584},
{"learn":[0.1414363288],"iteration":535,"passed_time":6.290171006,"remaining_time":5.445222662},
{"learn":[0.1411207951],"iteration":536,"passed_time":6.300308037,"remaining_time":5.432109164},
{"learn":[0.1407687609],"iteration":537,"passed_time":6.310980781,"remaining_time":5.419466768},
{"learn":[0.1404078135],"iteration":538,"passed_time":6.320846491,"remaining_time":5.406141433},
{"learn":[0.1401213861],"iteration":539,"passed_time":6.331894636,"remaining_time":5.393836171},
{"learn":[0.1399245044],"iteration":540,"passed_time":6.344229992,"remaining_time":5.382627664},
{"learn":[0.1393798323],"iteration":541,"passed_time":6.360181046,"remaining_time":5.37447033},
{"learn":[0.1390945385],"iteration":542,"passed_time":6.373103527,"remaining_time":5.363735381},
{"learn":[0.1387446232],"iteration":543,"passed_time":6.386981978,"remaining_time":5.353793717},
{"learn":[0.1384485196],"iteration":544,"passed_time":6.404097924,"remaining_time":5.346540468},
{"learn":[0.1381452757],"iteration":545,"passed_time":6.421196989,"remaining_time":5.339237056},
{"learn":[0.1377818233],"iteration":546,"passed_time":6.440521572,"remaining_time":5.3337409},
{"learn":[0.1374876983],"iteration":547,"passed_time":6.45220317,"remaining_time":5.321890206},
{"learn":[0.1369698132],"iteration":548,"passed_time":6.465835854,"remaining_time":5.311642933},
{"learn":[0.136542487],"iteration":549,"passed_time":6.476811802,"remaining_time":5.299209656},
{"learn":[0.1362325739],"iteration":550,"passed_time":6.485996617,"remaining_time":5.285322107},
{"learn":[0.1359671836],"iteration":551,"passed_time":6.49647312,"remaining_time":5.272499923},
{"learn":[0.135804293],"iteration":552,"passed_time":6.509257419,"remaining_time":5.261551657},
{"learn":[0.1353405427],"iteration":553,"passed_time":6.522360047,"remaining_time":5.250853034},
{"learn":[0.1350865619],"iteration":554,"passed_time":6.533638409,"remaining_time":5.238683049},
{"learn":[0.1346099768],"iteration":555,"passed_time":6.543706351,"remaining_time":5.225549676},
{"learn":[0.1342542874],"iteration":556,"passed_time":6.553420808,"remaining_time":5.212146172},
{"learn":[0.1339575149],"iteration":557,"passed_time":6.564044695,"remaining_time":5.199476264},
{"learn":[0.1337187224],"iteration":558,"passed_time":6.573361167,"remaining_time":5.185782244},
{"learn":[0.1334311966],"iteration":559,"passed_time":6.582690757,"remaining_time":5.172114166},
{"learn":[0.1330757217],"iteration":560,"passed_time":6.593340674,"remaining_time":5.159494752},
{"learn":[0.1327701235],"iteration":561,"passed_time":6.603032114,"remaining_time":5.146135349},
{"learn":[0.1324616382],"iteration":562,"passed_time":6.612185828,"remaining_time":5.132371593},
{"learn":[0.1320960514],"iteration":563,"passed_time":6.624500986,"remaining_time":5.121068138},
{"learn":[0.1317321644],"iteration":564,"passed_time":6.634166787,"remaining_time":5.107721331},
{"learn":[0.1313476718],"iteration":565,"passed_time":6.644158659,"remaining_time":5.094637558},
{"learn":[0.1311161519],"iteration":566,"passed_time":6.655700739,"remaining_time":5.082748536},
{"learn":[0.1309331952],"iteration":567,"passed_time":6.666300269,"remaining_time":5.070143867},
{"learn":[0.1307001928],"iteration":568,"passed_time":6.682776176,"remaining_time":5.06199742},
{"learn":[0.1305397609],"iteration":569,"passed_time":6.693311428,"remaining_time":5.0493402},
{"learn":[0.1302825757],"iteration":570,"passed_time":6.704910646,"remaining_time":5.037489785},
{"learn":[0.1300970598],"iteration":571,"passed_time":6.718745307,"remaining_time":5.027312922},
{"learn":[0.1299146583],"iteration":572,"passed_time":6.730006039,"remaining_time":5.015205199},
{"learn":[0.1295169401],"iteration":573,"passed_time":6.739796591,"remaining_time":5.002009317},
{"learn":[0.1291670415],"iteration":574,"passed_time":6.749660743,"remaining_time":4.98887968},
{"learn":[0.1290200753],"iteration":575,"passed_time":6.761650432,"remaining_time":4.977326013},
{"learn":[0.1287109097],"iteration":576,"passed_time":6.771669013,"remaining_time":4.96432581},
{"learn":[0.1284747617],"iteration":577,"passed_time":6.7812705,"remaining_time":4.951031403},
{"learn":[0.1281992009],"iteration":578,"passed_time":6.792262346,"remaining_time":4.938760704},
{"learn":[0.1279798105],"iteration":579,"passed_time":6.80238039,"remaining_time":4.925861661},
{"learn":[0.127718369],"iteration":580,"passed_time":6.811777832,"remaining_time":4.912452516},
{"learn":[0.1274660309],"iteration":581,"passed_time":6.82106991,"remaining_time":4.898981482},
{"learn":[0.127210245],"iteration":582,"passed_time":6.829907552,"remaining_time":4.885199741},
{"learn":[0.1270120983],"iteration":583,"passed_time":6.842030602,"remaining_time":4.873775224},
{"learn":[0.1266323456],"iteration":584,"passed_time":6.855417581,"remaining_time":4.863244951},
{"learn":[0.1263811754],"iteration":585,"passed_time":6.870364922,"remaining_time":4.8538073},
{"learn":[0.1259117487],"iteration":586,"passed_time":6.883825547,"remaining_time":4.843304857},
{"learn":[0.1255838082],"iteration":587,"passed_time":6.898921594,"remaining_time":4.83393826},
{"learn":[0.1253262954],"iteration":588,"passed_time":6.917770427,"remaining_time":4.827170875},
{"learn":[0.1250805782],"iteration":589,"passed_time":6.933551129,"remaining_time":4.818230446},
{"learn":[0.1249157756],"iteration":590,"passed_time":6.947850472,"remaining_time":4.808241697},
{"learn":[0.1246092971],"iteration":591,"passed_time":6.962597666,"remaining_time":4.79854704},
{"learn":[0.1243899852],"iteration":592,"passed_time":6.978529974,"remaining_time":4.789648734},
{"learn":[0.1241249099],"iteration":593,"passed_time":6.993949275,"remaining_time":4.780376103},
{"learn":[0.1237919537],"iteration":594,"passed_time":7.00731629,"remaining_time":4.769685878},
{"learn":[0.1233530248],"iteration":595,"passed_time":7.019781226,"remaining_time":4.758375194},
{"learn":[0.1230233327],"iteration":596,"passed_time":7.035228445,"remaining_time":4.749073808},
{"learn":[0.12281478],"iteration":597,"passed_time":7.057156501,"remaining_time":4.744108551},
{"learn":[0.1226468138],"iteration":598,"passed_time":7.069117759,"remaining_time":4.732414393},
{"learn":[0.1223836268],"iteration":599,"passed_time":7.091709288,"remaining_time":4.727806192},
{"learn":[0.1221340339],"iteration":600,"passed_time":7.108781861,"remaining_time":4.719474148},
{"learn":[0.1217942834],"iteration":601,"passed_time":7.124913362,"remaining_time":4.710490894},
{"learn":[0.1216096308],"iteration":602,"passed_time":7.149621441,"remaining_time":4.707130534},
{"learn":[0.1213319394],"iteration":603,"passed_time":7.168657604,"remaining_time":4.699980813},
{"learn":[0.1211184964],"iteration":604,"passed_time":7.181708886,"remaining_time":4.688884314},
{"learn":[0.1209165784],"iteration":605,"passed_time":7.192177558,"remaining_time":4.676102241},
{"learn":[0.1206301294],"iteration":606,"passed_time":7.203632589,"remaining_time":4.663966404},
{"learn":[0.1203195428],"iteration":607,"passed_time":7.215525195,"remaining_time":4.652114928},
{"learn":[0.1200441829],"iteration":608,"passed_time":7.231861407,"remaining_time":4.643116273},
{"learn":[0.1197926643],"iteration":609,"passed_time":7.249503173,"remaining_time":4.634928258},
{"learn":[0.1195132195],"iteration":610,"passed_time":7.262494525,"remaining_time":4.62374856},
{"learn":[0.1193102525],"iteration":611,"passed_time":7.273179814,"remaining_time":4.611100928},
{"learn":[0.1191413391],"iteration":612,"passed_time":7.285532068,"remaining_time":4.599512089},
{"learn":[0.1189662948],"iteration":613,"passed_time":7.295877088,"remaining_time":4.586658886},
{"learn":[0.1186724953],"iteration":614,"passed_time":7.306875726,"remaining_time":4.574223015},
{"learn":[0.1183969665],"iteration":615,"passed_time":7.320260237,"remaining_time":4.563279109},
{"learn":[0.1181724624],"iteration":616,"passed_time":7.333242461,"remaining_time":4.552077573},
{"learn":[0.1176989538],"iteration":617,"passed_time":7.346263977,"remaining_time":4.540894562},
{"learn":[0.1174474647],"iteration":618,"passed_time":7.358622046,"remaining_time":4.529297253},
{"learn":[0.1171395241],"iteration":619,"passed_time":7.376640718,"remaining_time":4.521166891},
{"learn":[0.1168584722],"iteration":620,"passed_time":7.388699316,"remaining_time":4.509367215},
{"learn":[0.1166085776],"iteration":621,"passed_time":7.406454154,"remaining_time":4.501028409},
{"learn":[0.1162436354],"iteration":622,"passed_time":7.423986311,"remaining_time":4.492524621},
{"learn":[0.115977268],"iteration":623,"passed_time":7.437246638,"remaining_time":4.481417846},
{"learn":[0.1156070803],"iteration":624,"passed_time":7.448667355,"remaining_time":4.469200413},
{"learn":[0.115394324],"iteration":625,"passed_time":7.458377583,"remaining_time":4.455963604},
{"learn":[0.1150960177],"iteration":626,"passed_time":7.468227264,"remaining_time":4.442821004},
{"learn":[0.1147892167],"iteration":627,"passed_time":7.479630218,"remaining_time":4.430608983},
{"learn":[0.1145701136],"iteration":628,"passed_time":7.489818401,"remaining_time":4.417683032},
{"learn":[0.1142973936],"iteration":629,"passed_time":7.498858787,"remaining_time":4.404091669},
{"learn":[0.1140986116],"iteration":630,"passed_time":7.510243357,"remaining_time":4.391885576},
{"learn":[0.1138363837],"iteration":631,"passed_time":7.523285438,"remaining_time":4.380647217},
{"learn":[0.1137536564],"iteration":632,"passed_time":7.53525599,"remaining_time":4.368781909},
{"learn":[0.1135637994],"iteration":633,"passed_time":7.547877881,"remaining_time":4.357292278},
{"learn":[0.1133638858],"iteration":634,"passed_time":7.559528132,"remaining_time":4.34524058},
{"learn":[0.113067504],"iteration":635,"passed_time":7.572769637,"remaining_time":4.334100861},
{"learn":[0.1128298312],"iteration":636,"passed_time":7.585362348,"remaining_time":4.322584823},
{"learn":[0.1126410712],"iteration":637,"passed_time":7.597853485,"remaining_time":4.311007777},
{"learn":[0.1124559063],"iteration":638,"passed_time":7.61467279,"remaining_time":4.301873048},
{"learn":[0.1120999094],"iteration":639,"passed_time":7.625935291,"remaining_time":4.289588601},
{"learn":[0.1119704043],"iteration":640,"passed_time":7.640658535,"remaining_time":4.279245576},
{"learn":[0.1117487568],"iteration":641,"passed_time":7.653382836,"remaining_time":4.267774229},
{"learn":[0.1116047723],"iteration":642,"passed_time":7.665919233,"remaining_time":4.25619466},
{"learn":[0.1113545746],"iteration":643,"passed_time":7.678074926,"remaining_time":4.244401667},
{"learn":[0.1111111179],"iteration":644,"passed_time":7.688672498,"remaining_time":4.231749979},
{"learn":[0.1108875165],"iteration":645,"passed_time":7.701631362,"remaining_time":4.22039861},
{"learn":[0.1106934988],"iteration":646,"passed_time":7.711664301,"remaining_time":4.207445901},
{"learn":[0.1105515933],"iteration":647,"passed_time":7.722207546,"remaining_time":4.194779408},
{"learn":[0.110321017],"iteration":648,"passed_time":7.73446248,"remaining_time":4.183045194},
{"learn":[0.110009648],"iteration":649,"passed_time":7.747856659,"remaining_time":4.171922816},
{"learn":[0.1098548338],"iteration":650,"passed_time":7.761017599,"remaining_time":4.160668421},
{"learn":[0.1095745844],"iteration":651,"passed_time":7.77238399,"remaining_time":4.148450351},
{"learn":[0.1093109268],"iteration":652,"passed_time":7.783660058,"remaining_time":4.136186892},
{"learn":[0.1090451191],"iteration":653,"passed_time":7.794695568,"remaining_time":4.123799185},
{"learn":[0.1087534096],"iteration":654,"passed_time":7.806127181,"remaining_time":4.11162424},
{"learn":[0.108505983],"iteration":655,"passed_time":7.817527406,"remaining_time":4.099435103},
{"learn":[0.1082318556],"iteration":656,"passed_time":7.827338361,"remaining_time":4.086418657},
{"learn":[0.1079729904],"iteration":657,"passed_time":7.842165078,"remaining_time":4.076018931},
{"learn":[0.1077681675],"iteration":658,"passed_time":7.854184103,"remaining_time":4.064152927},
{"learn":[0.1075858183],"iteration":659,"passed_time":7.865907014,"remaining_time":4.052133917},
{"learn":[0.1074170446],"iteration":660,"passed_time":7.878384376,"remaining_time":4.040502728},
{"learn":[0.1072876343],"iteration":661,"passed_time":7.887631967,"remaining_time":4.027219947},
{"learn":[0.107053261],"iteration":662,"passed_time":7.897250447,"remaining_time":4.014137859},
{"learn":[0.1068577143],"iteration":663,"passed_time":7.906236663,"remaining_time":4.000746263},
{"learn":[0.106551264],"iteration":664,"passed_time":7.91754103,"remaining_time":3.988535707},
{"learn":[0.1062351032],"iteration":665,"passed_time":7.928904955,"remaining_time":3.97635774},
{"learn":[0.1060222731],"iteration":666,"passed_time":7.942930437,"remaining_time":3.965510998},
{"learn":[0.105657483],"iteration":667,"passed_time":7.954151565,"remaining_time":3.953260958},
{"learn":[0.1054187719],"iteration":668,"passed_time":7.963139195,"remaining_time":3.939908929},
{"learn":[0.1051531247],"iteration":669,"passed_time":7.974279979,"remaining_time":3.927630438},
{"learn":[0.1048908162],"iteration":670,"passed_time":7.985505922,"remaining_time":3.915397091},
{"learn":[0.104618333],"iteration":671,"passed_time":7.995809625,"remaining_time":3.902716603},
{"learn":[0.1042803247],"iteration":672,"passed_time":8.005616715,"remaining_time":3.889801881},
{"learn":[0.1041445845],"iteration":673,"passed_time":8.014745376,"remaining_time":3.876568238},
{"learn":[0.1039750389],"iteration":674,"passed_time":8.024545472,"remaining_time":3.863670042},
{"learn":[0.103788429],"iteration":675,"passed_time":8.033325752,"remaining_time":3.850292224},
{"learn":[0.103547431],"iteration":676,"passed_time":8.042691373,"remaining_time":3.837207258},
{"learn":[0.1032526782],"iteration":677,"passed_time":8.051559883,"remaining_time":3.823897172},
{"learn":[0.1029653307],"iteration":678,"passed_time":8.060205228,"remaining_time":3.810494666},
{"learn":[0.1027416403],"iteration":679,"passed_time":8.075902948,"remaining_time":3.800424917},
{"learn":[0.1025347142],"iteration":680,"passed_time":8.086887278,"remaining_time":3.788130751},
{"learn":[0.1023560254],"iteration":681,"passed_time":8.09972552,"remaining_time":3.776704861},
{"learn":[0.1021625244],"iteration":682,"passed_time":8.110175636,"remaining_time":3.764166437},
{"learn":[0.1019547245],"iteration":683,"passed_time":8.128173243,"remaining_time":3.755120972},
{"learn":[0.1017325302],"iteration":684,"passed_time":8.137088001,"remaining_time":3.741872585},
{"learn":[0.1015051299],"iteration":685,"passed_time":8.146565734,"remaining_time":3.72889452},
{"learn":[0.1013851298],"iteration":686,"passed_time":8.15700845,"remaining_time":3.716366295},
{"learn":[0.1009451336],"iteration":687,"passed_time":8.16617028,"remaining_time":3.703263267},
{"learn":[0.1008544348],"iteration":688,"passed_time":8.176544781,"remaining_time":3.690719052},
{"learn":[0.1006330549],"iteration":689,"passed_time":8.187628049,"remaining_time":3.678499558},
{"learn":[0.1004414944],"iteration":690,"passed_time":8.196809848,"remaining_time":3.665433058},
{"learn":[0.1001842381],"iteration":691,"passed_time":8.208101693,"remaining_time":3.653316938},
{"learn":[0.09987104688],"iteration":692,"passed_time":8.219081023,"remaining_time":3.641064754},
{"learn":[0.09944407155],"iteration":693,"passed_time":8.228361077,"remaining_time":3.628066988},
{"learn":[0.09923185162],"iteration":694,"passed_time":8.239204547,"remaining_time":3.615766024},
{"learn":[0.09906027824],"iteration":695,"passed_time":8.249548401,"remaining_time":3.603251026},
{"learn":[0.09882575705],"iteration":696,"passed_time":8.259018602,"remaining_time":3.590362463},
{"learn":[0.09855825086],"iteration":697,"passed_time":8.272812561,"remaining_time":3.579354432},
{"learn":[0.09836373001],"iteration":698,"passed_time":8.285951802,"remaining_time":3.568056499},
{"learn":[0.09805301899],"iteration":699,"passed_time":8.307279159,"remaining_time":3.560262497},
{"learn":[0.09780842421],"iteration":700,"passed_time":8.317147989,"remaining_time":3.547542438},
{"learn":[0.09764274588],"iteration":701,"passed_time":8.328696902,"remaining_time":3.535543699},
{"learn":[0.0973932995],"iteration":702,"passed_time":8.338973974,"remaining_time":3.523008919},
{"learn":[0.09711258344],"iteration":703,"passed_time":8.348169755,"remaining_time":3.51002592},
{"learn":[0.09690928954],"iteration":704,"passed_time":8.359239446,"remaining_time":3.497837782},
{"learn":[0.09670655896],"iteration":705,"passed_time":8.369859505,"remaining_time":3.485465573},
{"learn":[0.09652059009],"iteration":706,"passed_time":8.379947841,"remaining_time":3.47287796},
{"learn":[0.09636371144],"iteration":707,"passed_time":8.390698595,"remaining_time":3.460570607},
{"learn":[0.09615395899],"iteration":708,"passed_time":8.401085368,"remaining_time":3.448118254},
{"learn":[0.09589870104],"iteration":709,"passed_time":8.410867675,"remaining_time":3.435424825},
{"learn":[0.09560099302],"iteration":710,"passed_time":8.421346642,"remaining_time":3.423022756},
{"learn":[0.09533148566],"iteration":711,"passed_time":8.431736621,"remaining_time":3.410590094},
{"learn":[0.09508967289],"iteration":712,"passed_time":8.444075552,"remaining_time":3.398947663},
{"learn":[0.09483626054],"iteration":713,"passed_time":8.457763906,"remaining_time":3.387843805},
{"learn":[0.09465042807],"iteration":714,"passed_time":8.471174112,"remaining_time":3.376621849},
{"learn":[0.09446839132],"iteration":715,"passed_time":8.480377929,"remaining_time":3.363725324},
{"learn":[0.09428561166],"iteration":716,"passed_time":8.490727938,"remaining_time":3.351291501},
{"learn":[0.09403267656],"iteration":717,"passed_time":8.501803614,"remaining_time":3.339148495},
{"learn":[0.09374652644],"iteration":718,"passed_time":8.511454717,"remaining_time":3.326451704},
{"learn":[0.09356930442],"iteration":719,"passed_time":8.521487013,"remaining_time":3.313911616},
{"learn":[0.09333747447],"iteration":720,"passed_time":8.531330281,"remaining_time":3.301305338},
{"learn":[0.09314994357],"iteration":721,"passed_time":8.561065598,"remaining_time":3.296365978},
{"learn":[0.09293198233],"iteration":722,"passed_time":8.569894984,"remaining_time":3.283348424},
{"learn":[0.09276087565],"iteration":723,"passed_time":8.579161332,"remaining_time":3.270509016},
{"learn":[0.09255702959],"iteration":724,"passed_time":8.587892831,"remaining_time":3.257476591},
{"learn":[0.09227346895],"iteration":725,"passed_time":8.597053265,"remaining_time":3.244617899},
{"learn":[0.09206900035],"iteration":726,"passed_time":8.606936337,"remaining_time":3.232040743},
{"learn":[0.09191753455],"iteration":727,"passed_time":8.617523958,"remaining_time":3.219734226},
{"learn":[0.09173636426],"iteration":728,"passed_time":8.629207526,"remaining_time":3.207839835},
{"learn":[0.09151220628],"iteration":729,"passed_time":8.641326694,"remaining_time":3.196107133},
{"learn":[0.09134437844],"iteration":730,"passed_time":8.653172952,"remaining_time":3.184272947},
{"learn":[0.09109729471],"iteration":731,"passed_time":8.662261939,"remaining_time":3.171429234},
{"learn":[0.09094112415],"iteration":732,"passed_time":8.672259758,"remaining_time":3.158926815},
{"learn":[0.09072864464],"iteration":733,"passed_time":8.683320822,"remaining_time":3.146816538},
{"learn":[0.09049042034],"iteration":734,"passed_time":8.695619451,"remaining_time":3.135155312},
{"learn":[0.09032506049],"iteration":735,"passed_time":8.70508953,"remaining_time":3.122477766},
{"learn":[0.08996819185],"iteration":736,"passed_time":8.715706204,"remaining_time":3.110218089},
{"learn":[0.08977768212],"iteration":737,"passed_time":8.726013696,"remaining_time":3.097853101},
{"learn":[0.08958062338],"iteration":738,"passed_time":8.735360019,"remaining_time":3.085154215},
{"learn":[0.08943065589],"iteration":739,"passed_time":8.745097792,"remaining_time":3.072601927},
{"learn":[0.08928672299],"iteration":740,"passed_time":8.753812335,"remaining_time":3.059699588},
{"learn":[0.08913015295],"iteration":741,"passed_time":8.76330176,"remaining_time":3.04707797},
{"learn":[0.08896502876],"iteration":742,"passed_time":8.777256517,"remaining_time":3.03600932},
{"learn":[0.08861514276],"iteration":743,"passed_time":8.789992914,"remaining_time":3.024513691},
{"learn":[0.08842645195],"iteration":744,"passed_time":8.802557122,"remaining_time":3.012955793},
{"learn":[0.08821056044],"iteration":745,"passed_time":8.812355342,"remaining_time":3.000453428},
{"learn":[0.08803387365],"iteration":746,"passed_time":8.822099402,"remaining_time":2.987939958},
{"learn":[0.08785381248],"iteration":747,"passed_time":8.832451101,"remaining_time":2.975638606},
{"learn":[0.0876324673],"iteration":748,"passed_time":8.841987695,"remaining_time":2.963069308},
{"learn":[0.0874073141],"iteration":749,"passed_time":8.852128995,"remaining_time":2.950709665},
{"learn":[0.08719357819],"iteration":750,"passed_time":8.862226874,"remaining_time":2.938341534},
{"learn":[0.08698809644],"iteration":751,"passed_time":8.871867036,"remaining_time":2.925828491},
{"learn":[0.0868139478],"iteration":752,"passed_time":8.881871532,"remaining_time":2.913442588},
{"learn":[0.08665623372],"iteration":753,"passed_time":8.89156809,"remaining_time":2.900962533},
{"learn":[0.08632960619],"iteration":754,"passed_time":8.901776377,"remaining_time":2.888655911},
{"learn":[0.08599935566],"iteration":755,"passed_time":8.914039586,"remaining_time":2.877018067},
{"learn":[0.08583489781],"iteration":756,"passed_time":8.924926153,"remaining_time":2.864936665},
{"learn":[0.08564434233],"iteration":757,"passed_time":8.935516243,"remaining_time":2.852763761},
{"learn":[0.08547161295],"iteration":758,"passed_time":8.945786686,"remaining_time":2.840493533},
{"learn":[0.085287598],"iteration":759,"passed_time":8.956513612,"remaining_time":2.82837272},
{"learn":[0.08505989083],"iteration":760,"passed_time":8.968254914,"remaining_time":2.816574145},
{"learn":[0.08486857213],"iteration":761,"passed_time":8.980071183,"remaining_time":2.804799136},
{"learn":[0.08469372926],"iteration":762,"passed_time":8.992851014,"remaining_time":2.793323316},
{"learn":[0.08447922306],"iteration":763,"passed_time":9.006802864,"remaining_time":2.78220612},
{"learn":[0.08434897086],"iteration":764,"passed_time":9.015610251,"remaining_time":2.769501188},
{"learn":[0.08418207478],"iteration":765,"passed_time":9.025753659,"remaining_time":2.757214564},
{"learn":[0.08408495261],"iteration":766,"passed_time":9.035490959,"remaining_time":2.744810161},
{"learn":[0.08389050136],"iteration":767,"passed_time":9.047083043,"remaining_time":2.732973002},
{"learn":[0.08380503976],"iteration":768,"passed_time":9.058167346,"remaining_time":2.720983949},
{"learn":[0.08368821126],"iteration":769,"passed_time":9.070474109,"remaining_time":2.709362396},
{"learn":[0.08356154784],"iteration":770,"passed_time":9.082471971,"remaining_time":2.697647317},
{"learn":[0.08339378299],"iteration":771,"passed_time":9.091272049,"remaining_time":2.684987082},
{"learn":[0.08324176289],"iteration":772,"passed_time":9.101140569,"remaining_time":2.672650594},
{"learn":[0.08303442261],"iteration":773,"passed_time":9.110016244,"remaining_time":2.660030583},
{"learn":[0.08292443418],"iteration":774,"passed_time":9.118721306,"remaining_time":2.647370702},
{"learn":[0.08277498479],"iteration":775,"passed_time":9.128417901,"remaining_time":2.635007229},
{"learn":[0.08256820149],"iteration":776,"passed_time":9.138814782,"remaining_time":2.622851604},
{"learn":[0.08237885674],"iteration":777,"passed_time":9.14963619,"remaining_time":2.610821638},
{"learn":[0.08220241311],"iteration":778,"passed_time":9.161547937,"remaining_time":2.5991041},
{"learn":[0.08204458091],"iteration":779,"passed_time":9.170797555,"remaining_time":2.586635208},
{"learn":[0.08187221531],"iteration":780,"passed_time":9.180636811,"remaining_time":2.5743399},
{"learn":[0.08168830788],"iteration":781,"passed_time":9.190049456,"remaining_time":2.561931945},
{"learn":[0.08152209668],"iteration":782,"passed_time":9.199085585,"remaining_time":2.549427295},
{"learn":[0.08137757375],"iteration":783,"passed_time":9.208218189,"remaining_time":2.536958072},
{"learn":[0.08127538263],"iteration":784,"passed_time":9.216873204,"remaining_time":2.524366546},
{"learn":[0.08115161223],"iteration":785,"passed_time":9.226512745,"remaining_time":2.512053088},
{"learn":[0.08099200352],"iteration":786,"passed_time":9.244419526,"remaining_time":2.501983938},
{"learn":[0.08078196383],"iteration":787,"passed_time":9.257454007,"remaining_time":2.490584073},
{"learn":[0.0805837114],"iteration":788,"passed_time":9.267310247,"remaining_time":2.478330117},
{"learn":[0.08044564763],"iteration":789,"passed_time":9.280008691,"remaining_time":2.466837753},
{"learn":[0.08023613518],"iteration":790,"passed_time":9.292358289,"remaining_time":2.455250168},
{"learn":[0.08013812873],"iteration":791,"passed_time":9.304712467,"remaining_time":2.44366186},
{"learn":[0.08000370353],"iteration":792,"passed_time":9.323135332,"remaining_time":2.433655755},
{"learn":[0.07982916769],"iteration":793,"passed_time":9.340506208,"remaining_time":2.423355515},
{"learn":[0.07963840584],"iteration":794,"passed_time":9.351287971,"remaining_time":2.411338408},
{"learn":[0.07945232065],"iteration":795,"passed_time":9.36332333,"remaining_time":2.399645677},
{"learn":[0.07927103456],"iteration":796,"passed_time":9.372687825,"remaining_time":2.387271805},
{"learn":[0.07915864474],"iteration":797,"passed_time":9.381554436,"remaining_time":2.374779444},
{"learn":[0.0789959371],"iteration":798,"passed_time":9.393471916,"remaining_time":2.363063649},
{"learn":[0.07879380033],"iteration":799,"passed_time":9.407983683,"remaining_time":2.351995921},
{"learn":[0.078588517],"iteration":800,"passed_time":9.417398501,"remaining_time":2.339653311},
{"learn":[0.07844131728],"iteration":801,"passed_time":9.426882527,"remaining_time":2.327335088},
{"learn":[0.07823484936],"iteration":802,"passed_time":9.435718586,"remaining_time":2.314864958},
{"learn":[0.07806568093],"iteration":803,"passed_time":9.445046109,"remaining_time":2.302523678},
{"learn":[0.07786537145],"iteration":804,"passed_time":9.456065932,"remaining_time":2.290599822},
{"learn":[0.07763372511],"iteration":805,"passed_time":9.475514928,"remaining_time":2.280707067},
{"learn":[0.07748955593],"iteration":806,"passed_time":9.491155481,"remaining_time":2.269879812},
{"learn":[0.07734998927],"iteration":807,"passed_time":9.505560934,"remaining_time":2.258747153},
{"learn":[0.07721991428],"iteration":808,"passed_time":9.52395979,"remaining_time":2.248549221},
{"learn":[0.07700434758],"iteration":809,"passed_time":9.543725028,"remaining_time":2.23865155},
{"learn":[0.07685353151],"iteration":810,"passed_time":9.562583771,"remaining_time":2.22851829},
{"learn":[0.07672041425],"iteration":811,"passed_time":9.577165431,"remaining_time":2.217373277},
{"learn":[0.07650263505],"iteration":812,"passed_time":9.59679784,"remaining_time":2.207381545},
{"learn":[0.0763185262],"iteration":813,"passed_time":9.615710084,"remaining_time":2.197201567},
{"learn":[0.07615599741],"iteration":814,"passed_time":9.628555621,"remaining_time":2.185623055},
{"learn":[0.07600102055],"iteration":815,"passed_time":9.640686225,"remaining_time":2.173880227},
{"learn":[0.075876669],"iteration":816,"passed_time":9.65379078,"remaining_time":2.162354606},
{"learn":[0.07567731797],"iteration":817,"passed_time":9.668303184,"remaining_time":2.151138361},
{"learn":[0.07553405542],"iteration":818,"passed_time":9.680606571,"remaining_time":2.139425872},
{"learn":[0.07546593735],"iteration":819,"passed_time":9.695674473,"remaining_time":2.128318787},
{"learn":[0.07536419155],"iteration":820,"passed_time":9.711989043,"remaining_time":2.11747386},
{"learn":[0.07518350294],"iteration":821,"passed_time":9.723640727,"remaining_time":2.1056059},
{"learn":[0.07502922576],"iteration":822,"passed_time":9.734707547,"remaining_time":2.09361268},
{"learn":[0.07483901426],"iteration":823,"passed_time":9.743676654,"remaining_time":2.081173654},
{"learn":[0.07467716564],"iteration":824,"passed_time":9.753183277,"remaining_time":2.068857059},
{"learn":[0.0745039571],"iteration":825,"passed_time":9.764144835,"remaining_time":2.056853755},
{"learn":[0.07439722453],"iteration":826,"passed_time":9.773160717,"remaining_time":2.044445954},
{"learn":[0.07422153415],"iteration":827,"passed_time":9.782752245,"remaining_time":2.032165925},
{"learn":[0.07403411155],"iteration":828,"passed_time":9.793152906,"remaining_time":2.020059285},
{"learn":[0.07385745414],"iteration":829,"passed_time":9.802219671,"remaining_time":2.007683547},
{"learn":[0.07369978434],"iteration":830,"passed_time":9.811463661,"remaining_time":1.995351816},
{"learn":[0.07354836192],"iteration":831,"passed_time":9.820533752,"remaining_time":1.982992392},
{"learn":[0.07336473376],"iteration":832,"passed_time":9.831248626,"remaining_time":1.970970613},
{"learn":[0.07321713083],"iteration":833,"passed_time":9.841214022,"remaining_time":1.958802791},
{"learn":[0.07303613079],"iteration":834,"passed_time":9.851691032,"remaining_time":1.946741342},
{"learn":[0.07290798963],"iteration":835,"passed_time":9.866379217,"remaining_time":1.935509799},
{"learn":[0.07276381834],"iteration":836,"passed_time":9.888447852,"remaining_time":1.925707288},
{"learn":[0.07259754378],"iteration":837,"passed_time":9.903896005,"remaining_time":1.914595648},
{"learn":[0.07250160028],"iteration":838,"passed_time":9.915016043,"remaining_time":1.902643126},
{"learn":[0.07238029212],"iteration":839,"passed_time":9.924060523,"remaining_time":1.890297243},
{"learn":[0.07222989182],"iteration":840,"passed_time":9.939166898,"remaining_time":1.879105276},
{"learn":[0.07207370509],"iteration":841,"passed_time":9.948558531,"remaining_time":1.866831648},
{"learn":[0.07193070198],"iteration":842,"passed_time":9.957171819,"remaining_time":1.8544199},
{"learn":[0.0717577763],"iteration":843,"passed_time":9.966171218,"remaining_time":1.842088519},
{"learn":[0.07157933583],"iteration":844,"passed_time":9.975271547,"remaining_time":1.829783538},
{"learn":[0.0714269739],"iteration":845,"passed_time":9.983971486,"remaining_time":1.817413249},
{"learn":[0.07117764862],"iteration":846,"passed_time":9.992983104,"remaining_time":1.805107928},
{"learn":[0.07107802078],"iteration":847,"passed_time":10.00537621,"remaining_time":1.79341649},
{"learn":[0.07095907184],"iteration":848,"passed_time":10.01925198,"remaining_time":1.781987101},
{"learn":[0.07085018996],"iteration":849,"passed_time":10.03207219,"remaining_time":1.77036568},
{"learn":[0.07068018731],"iteration":850,"passed_time":10.04187979,"remaining_time":1.758213971},
{"learn":[0.07058187125],"iteration":851,"passed_time":10.05239256,"remaining_time":1.746190257},
{"learn":[0.07043356269],"iteration":852,"passed_time":10.06354727,"remaining_time":1.734280714},
{"learn":[0.07022424963],"iteration":853,"passed_time":10.07336013,"remaining_time":1.722143535},
{"learn":[0.07001389063],"iteration":854,"passed_time":10.08306721,"remaining_time":1.709993854},
{"learn":[0.06988635771],"iteration":855,"passed_time":10.0947257,"remaining_time":1.698178155},
{"learn":[0.06978110257],"iteration":856,"passed_time":10.10421113,"remaining_time":1.686000224},
{"learn":[0.06967302384],"iteration":857,"passed_time":10.11365204,"remaining_time":1.673821201},
{"learn":[0.06956575899],"iteration":858,"passed_time":10.12500621,"remaining_time":1.661962603},
{"learn":[0.06943292891],"iteration":859,"passed_time":10.13608956,"remaining_time":1.650061091},
{"learn":[0.06927167241],"iteration":860,"passed_time":10.14604425,"remaining_time":1.63797927},
{"learn":[0.06913053115],"iteration":861,"passed_time":10.15925676,"remaining_time":1.626423936},
{"learn":[0.06898232323],"iteration":862,"passed_time":10.17509742,"remaining_time":1.615281978},
{"learn":[0.06880959119],"iteration":863,"passed_time":10.19022534,"remaining_time":1.604016951},
{"learn":[0.06863030693],"iteration":864,"passed_time":10.20188314,"remaining_time":1.592201414},
{"learn":[0.06852422132],"iteration":865,"passed_time":10.21569012,"remaining_time":1.580718794},
{"learn":[0.06839655841],"iteration":866,"passed_time":10.22538564,"remaining_time":1.568600104},
{"learn":[0.06829891051],"iteration":867,"passed_time":10.23496596,"remaining_time":1.556469478},
{"learn":[0.06818348036],"iteration":868,"passed_time":10.24589512,"remaining_time":1.544548055},
{"learn":[0.06810018129],"iteration":869,"passed_time":10.25587447,"remaining_time":1.53248699},
{"learn":[0.06787170157],"iteration":870,"passed_time":10.26507884,"remaining_time":1.520315924},
{"learn":[0.06772522455],"iteration":871,"passed_time":10.2758997,"remaining_time":1.508388946},
{"learn":[0.06756816147],"iteration":872,"passed_time":10.2848985,"remaining_time":1.496199438},
{"learn":[0.06750078811],"iteration":873,"passed_time":10.29461449,"remaining_time":1.484120624},
{"learn":[0.06725747626],"iteration":874,"passed_time":10.30615205,"remaining_time":1.472307435},
{"learn":[0.06710542769],"iteration":875,"passed_time":10.31532743,"remaining_time":1.460160504},
{"learn":[0.06702867156],"iteration":876,"passed_time":10.32878841,"remaining_time":1.448621407},
{"learn":[0.06686743746],"iteration":877,"passed_time":10.33958787,"remaining_time":1.43670811},
{"learn":[0.06667235986],"iteration":878,"passed_time":10.34992602,"remaining_time":1.424733843},
{"learn":[0.06654421781],"iteration":879,"passed_time":10.36108701,"remaining_time":1.412875501},
{"learn":[0.0663297061],"iteration":880,"passed_time":10.3725476,"remaining_time":1.401059211},
{"learn":[0.06613707542],"iteration":881,"passed_time":10.38586218,"remaining_time":1.389491765},
{"learn":[0.06603670487],"iteration":882,"passed_time":10.39558046,"remaining_time":1.377443844},
{"learn":[0.0658030038],"iteration":883,"passed_time":10.40981737,"remaining_time":1.365994135},
{"learn":[0.0656660196],"iteration":884,"passed_time":10.41958155,"remaining_time":1.353956924},
{"learn":[0.06550746983],"iteration":885,"passed_time":10.42916634,"remaining_time":1.341901763},
{"learn":[0.06540796755],"iteration":886,"passed_time":10.4392384,"remaining_time":1.329914249},
{"learn":[0.06533256953],"iteration":887,"passed_time":10.44943214,"remaining_time":1.317946396},
{"learn":[0.06524354362],"iteration":888,"passed_time":10.45896618,"remaining_time":1.305900164},
{"learn":[0.06510873251],"iteration":889,"passed_time":10.47263213,"remaining_time":1.294370263},
{"learn":[0.06499892128],"iteration":890,"passed_time":10.48394915,"remaining_time":1.282548213},
{"learn":[0.06487447938],"iteration":891,"passed_time":10.494194,"remaining_time":1.27059748},
{"learn":[0.06479820167],"iteration":892,"passed_time":10.50392187,"remaining_time":1.258588622},
{"learn":[0.0646950634],"iteration":893,"passed_time":10.5136282,"remaining_time":1.246582314},
{"learn":[0.06455942623],"iteration":894,"passed_time":10.52405137,"remaining_time":1.234665245},
{"learn":[0.06449857824],"iteration":895,"passed_time":10.53616782,"remaining_time":1.22294805},
{"learn":[0.06437349643],"iteration":896,"passed_time":10.54880351,"remaining_time":1.211289589},
{"learn":[0.0641816076],"iteration":897,"passed_time":10.55954812,"remaining_time":1.199414152},
{"learn":[0.06405198626],"iteration":898,"passed_time":10.56915496,"remaining_time":1.187413405},
{"learn":[0.06391854899],"iteration":899,"passed_time":10.57779433,"remaining_time":1.175310481},
{"learn":[0.06384916415],"iteration":900,"passed_time":10.58715927,"remaining_time":1.163294969},
{"learn":[0.06375117401],"iteration":901,"passed_time":10.59589721,"remaining_time":1.151217214},
{"learn":[0.06364072751],"iteration":902,"passed_time":10.60498526,"remaining_time":1.139184463},
{"learn":[0.06340816186],"iteration":903,"passed_time":10.61402941,"remaining_time":1.127153566},
{"learn":[0.06328457284],"iteration":904,"passed_time":10.62297843,"remaining_time":1.115119283},
{"learn":[0.06313120175],"iteration":905,"passed_time":10.6321537,"remaining_time":1.103115284},
{"learn":[0.06304843785],"iteration":906,"passed_time":10.64878587,"remaining_time":1.091882124},
{"learn":[0.06294121171],"iteration":907,"passed_time":10.65826923,"remaining_time":1.079912742},
{"learn":[0.06277801412],"iteration":908,"passed_time":10.66718465,"remaining_time":1.067891973},
{"learn":[0.06263684559],"iteration":909,"passed_time":10.67699645,"remaining_time":1.055966682},
{"learn":[0.06258318687],"iteration":910,"passed_time":10.68602966,"remaining_time":1.043969966},
{"learn":[0.06247041398],"iteration":911,"passed_time":10.69523172,"remaining_time":1.031996043},
{"learn":[0.06231399424],"iteration":912,"passed_time":10.70774859,"remaining_time":1.020344061},
{"learn":[0.06217743291],"iteration":913,"passed_time":10.72361184,"remaining_time":1.009005053},
{"learn":[0.06211913329],"iteration":914,"passed_time":10.73277326,"remaining_time":0.9970335812},
{"learn":[0.062014565],"iteration":915,"passed_time":10.74272269,"remaining_time":0.9851405088},
{"learn":[0.06185834754],"iteration":916,"passed_time":10.75167828,"remaining_time":0.9731617199},
{"learn":[0.06169678556],"iteration":917,"passed_time":10.76097978,"remaining_time":0.9612204165},
{"learn":[0.06156731727],"iteration":918,"passed_time":10.77023425,"remaining_time":0.9492807123},
{"learn":[0.06142411104],"iteration":919,"passed_time":10.77901431,"remaining_time":0.9373055925},
{"learn":[0.06128887345],"iteration":920,"passed_time":10.78833901,"remaining_time":0.9253841282},
{"learn":[0.06118664258],"iteration":921,"passed_time":10.79734095,"remaining_time":0.9134409918},
{"learn":[0.06106616714],"iteration":922,"passed_time":10.80633532,"remaining_time":0.9015035965},
{"learn":[0.06099229142],"iteration":923,"passed_time":10.81608195,"remaining_time":0.8896344464},
{"learn":[0.06091146431],"iteration":924,"passed_time":10.82477608,"remaining_time":0.8776845467},
{"learn":[0.0608388368],"iteration":925,"passed_time":10.83357993,"remaining_time":0.8657504479},
{"learn":[0.06070270777],"iteration":926,"passed_time":10.84344674,"remaining_time":0.8539068092},
{"learn":[0.06053368118],"iteration":927,"passed_time":10.85430503,"remaining_time":0.8421443554},
{"learn":[0.06039312605],"iteration":928,"passed_time":10.86316174,"remaining_time":0.8302308756},
{"learn":[0.06029712408],"iteration":929,"passed_time":10.88338649,"remaining_time":0.8191796285},
{"learn":[0.06019887137],"iteration":930,"passed_time":10.89439955,"remaining_time":0.8074259599},
{"learn":[0.06004940574],"iteration":931,"passed_time":10.90369672,"remaining_time":0.7955486874},
{"learn":[0.05999385712],"iteration":932,"passed_time":10.91355791,"remaining_time":0.7837174492},
{"learn":[0.05993269868],"iteration":933,"passed_time":10.92235205,"remaining_time":0.7718150271},
{"learn":[0.05982703827],"iteration":934,"passed_time":10.93136416,"remaining_time":0.7599344071},
{"learn":[0.05971692367],"iteration":935,"passed_time":10.9399709,"remaining_time":0.7480321986},
{"learn":[0.05962272132],"iteration":936,"passed_time":10.94921548,"remaining_time":0.7361799093},
{"learn":[0.05952960304],"iteration":937,"passed_time":10.95797149,"remaining_time":0.7243008876},
{"learn":[0.05940679106],"iteration":938,"passed_time":10.96680895,"remaining_time":0.7124338085},
{"learn":[0.0593532625],"iteration":939,"passed_time":10.97780106,"remaining_time":0.7007107062},
{"learn":[0.05920826108],"iteration":940,"passed_time":10.98817465,"remaining_time":0.6889503769},
{"learn":[0.05904947622],"iteration":941,"passed_time":10.99680519,"remaining_time":0.6770856701},
{"learn":[0.0589433812],"iteration":942,"passed_time":11.00592543,"remaining_time":0.6652574228},
{"learn":[0.05884821261],"iteration":943,"passed_time":11.01475111,"remaining_time":0.6534174385},
{"learn":[0.05869819263],"iteration":944,"passed_time":11.02357914,"remaining_time":0.6415839714},
{"learn":[0.05859002463],"iteration":945,"passed_time":11.03274515,"remaining_time":0.6297761502},
{"learn":[0.05850012832],"iteration":946,"passed_time":11.04129989,"remaining_time":0.617939698},
{"learn":[0.05837180336],"iteration":947,"passed_time":11.05268621,"remaining_time":0.6062654886},
{"learn":[0.05824211303],"iteration":948,"passed_time":11.06573294,"remaining_time":0.5946811171},
{"learn":[0.05816097556],"iteration":949,"passed_time":11.0752185,"remaining_time":0.5829062366},
{"learn":[0.05806798752],"iteration":950,"passed_time":11.08481964,"remaining_time":0.5711421266},
{"learn":[0.05795087798],"iteration":951,"passed_time":11.09415567,"remaining_time":0.5593691934},
{"learn":[0.05787331525],"iteration":952,"passed_time":11.10817435,"remaining_time":0.5478323132},
{"learn":[0.05780164973],"iteration":953,"passed_time":11.11753341,"remaining_time":0.5360655524},
{"learn":[0.0577331528],"iteration":954,"passed_time":11.12606818,"remaining_time":0.5242649926},
{"learn":[0.05760978276],"iteration":955,"passed_time":11.13837054,"remaining_time":0.5126446691},
{"learn":[0.05750496323],"iteration":956,"passed_time":11.14739945,"remaining_time":0.5008758375},
{"learn":[0.05738419162],"iteration":957,"passed_time":11.15638671,"remaining_time":0.4891108995},
{"learn":[0.05725288672],"iteration":958,"passed_time":11.16551423,"remaining_time":0.4773577511},
{"learn":[0.0571015946],"iteration":959,"passed_time":11.17436957,"remaining_time":0.4655987321},
{"learn":[0.05701429883],"iteration":960,"passed_time":11.18504876,"remaining_time":0.4539197729},
{"learn":[0.05687060206],"iteration":961,"passed_time":11.19449114,"remaining_time":0.4421940366},
{"learn":[0.05674583461],"iteration":962,"passed_time":11.20376893,"remaining_time":0.4304667189},
{"learn":[0.05666653318],"iteration":963,"passed_time":11.21230468,"remaining_time":0.4187167722},
{"learn":[0.05652018861],"iteration":964,"passed_time":11.2241767,"remaining_time":0.4070944918},
{"learn":[0.05639020322],"iteration":965,"passed_time":11.23641257,"remaining_time":0.3954845006},
{"learn":[0.05630203813],"iteration":966,"passed_time":11.24576035,"remaining_time":0.3837746553},
{"learn":[0.05618811035],"iteration":967,"passed_time":11.25445736,"remaining_time":0.3720481771},
{"learn":[0.05607722858],"iteration":968,"passed_time":11.26414663,"remaining_time":0.3603596962},
{"learn":[0.05591791788],"iteration":969,"passed_time":11.27320258,"remaining_time":0.3486557498},
{"learn":[0.05581925711],"iteration":970,"passed_time":11.28254986,"remaining_time":0.3369659587},
{"learn":[0.05569390044],"iteration":971,"passed_time":11.29144055,"remaining_time":0.3252678347},
{"learn":[0.05551593577],"iteration":972,"passed_time":11.30020032,"remaining_time":0.3135718486},
{"learn":[0.05540834952],"iteration":973,"passed_time":11.30908057,"remaining_time":0.3018851077},
{"learn":[0.0553282398],"iteration":974,"passed_time":11.31814993,"remaining_time":0.2902089724},
{"learn":[0.05521853958],"iteration":975,"passed_time":11.32701373,"remaining_time":0.2785331244},
{"learn":[0.05514441501],"iteration":976,"passed_time":11.34041696,"remaining_time":0.2669698977},
{"learn":[0.05501729088],"iteration":977,"passed_time":11.34954209,"remaining_time":0.2553066729},
{"learn":[0.05492476128],"iteration":978,"passed_time":11.35869454,"remaining_time":0.2436492189},
{"learn":[0.05481153913],"iteration":979,"passed_time":11.36743624,"remaining_time":0.2319884946},
{"learn":[0.05471992297],"iteration":980,"passed_time":11.37685559,"remaining_time":0.2203468463},
{"learn":[0.05458517988],"iteration":981,"passed_time":11.38600297,"remaining_time":0.2087047388},
{"learn":[0.05449123246],"iteration":982,"passed_time":11.39773377,"remaining_time":0.1971123846},
{"learn":[0.05436630746],"iteration":983,"passed_time":11.41068424,"remaining_time":0.1855395811},
{"learn":[0.05426711525],"iteration":984,"passed_time":11.42099507,"remaining_time":0.1739237827},
{"learn":[0.05415081734],"iteration":985,"passed_time":11.42975445,"remaining_time":0.1622886028},
{"learn":[0.05403201777],"iteration":986,"passed_time":11.43898818,"remaining_time":0.1506654979},
{"learn":[0.05395565629],"iteration":987,"passed_time":11.44825305,"remaining_time":0.1390476079},
{"learn":[0.05385624211],"iteration":988,"passed_time":11.45718224,"remaining_time":0.1274307428},
{"learn":[0.05374618628],"iteration":989,"passed_time":11.46613995,"remaining_time":0.1158195955},
{"learn":[0.0536508834],"iteration":990,"passed_time":11.47533016,"remaining_time":0.1042159147},
{"learn":[0.05354667182],"iteration":991,"passed_time":11.48412559,"remaining_time":0.09261391607},
{"learn":[0.05345294402],"iteration":992,"passed_time":11.49545076,"remaining_time":0.08103540317},
{"learn":[0.05332576896],"iteration":993,"passed_time":11.50611071,"remaining_time":0.06945338458},
{"learn":[0.05323079695],"iteration":994,"passed_time":11.51653327,"remaining_time":0.0578720265},
{"learn":[0.05313190298],"iteration":995,"passed_time":11.52665602,"remaining_time":0.04629179125},
{"learn":[0.05304621259],"iteration":996,"passed_time":11.53799411,"remaining_time":0.03471813674},
{"learn":[0.05295990068],"iteration":997,"passed_time":11.54912911,"remaining_time":0.02314454732},
{"learn":[0.05284049213],"iteration":998,"passed_time":11.55808772,"remaining_time":0.01156965738},
{"learn":[0.05273681991],"iteration":999,"passed_time":11.56709768,"remaining_time":0}
]}